epoch,accuracy,base_total_loss,loss,predicted_class_0_fraction,predicted_class_1_fraction,regularization_loss,true_class_0_fraction,true_class_1_fraction,vc_class_prior_kl,vc_cross_entropy,vc_discriminator_kl,vc_discriminator_loss,vc_latent_kl,vc_loss,weighted_vc_class_prior_kl,weighted_vc_cross_entropy,weighted_vc_discriminator_kl,weighted_vc_latent_kl,val_accuracy,val_base_total_loss,val_loss,val_predicted_class_0_fraction,val_predicted_class_1_fraction,val_regularization_loss,val_true_class_0_fraction,val_true_class_1_fraction,val_vc_class_prior_kl,val_vc_cross_entropy,val_vc_discriminator_kl,val_vc_discriminator_loss,val_vc_latent_kl,val_vc_loss,val_weighted_vc_class_prior_kl,val_weighted_vc_cross_entropy,val_weighted_vc_discriminator_kl,val_weighted_vc_latent_kl
0,0.5228948593139648,0.6926759481430054,0.6931337118148804,0.28260868787765503,0.717391312122345,0.0004576244973577559,0.2753623127937317,0.7246376872062683,0.1843118518590927,0.6926759481430054,0.36747217178344727,0.0,0.6317764520645142,0.6926759481430054,0.0,0.6926759481430054,0.0,0.0,NA,NA,NA,NA,NA,NA,NA,NA,NA,NA,NA,NA,NA,NA,NA,NA,NA,NA
1,0.5053509473800659,0.6919822096824646,0.6924387216567993,0.10628019273281097,0.8937197923660278,0.0004566741699818522,0.2753623127937317,0.7246376872062683,0.18017829954624176,0.6919822096824646,0.3612082898616791,0.0,0.735945463180542,0.6919822096824646,0.0,0.6919822096824646,0.0,0.0,NA,NA,NA,NA,NA,NA,NA,NA,NA,NA,NA,NA,NA,NA,NA,NA,NA,NA
2,0.5423685908317566,0.6903449296951294,0.6908007264137268,0.1666666716337204,0.8333333134651184,0.00045600117300637066,0.2753623127937317,0.7246376872062683,0.17691746354103088,0.6903449296951294,0.2550630569458008,0.0,0.6193572282791138,0.6903449296951294,0.0,0.6903449296951294,0.0,0.0,NA,NA,NA,NA,NA,NA,NA,NA,NA,NA,NA,NA,NA,NA,NA,NA,NA,NA
3,0.5457018613815308,0.6879829168319702,0.6884386539459229,0.16183574497699738,0.8381642699241638,0.0004557060601655394,0.2753623127937317,0.7246376872062683,0.17373314499855042,0.6879829168319702,0.3188307583332062,0.0,0.6264603734016418,0.6879829168319702,0.0,0.6879829168319702,0.0,0.0,NA,NA,NA,NA,NA,NA,NA,NA,NA,NA,NA,NA,NA,NA,NA,NA,NA,NA
4,0.5521931052207947,0.6855261325836182,0.6859817504882812,0.17874395847320557,0.8212560415267944,0.00045557640260085464,0.2753623127937317,0.7246376872062683,0.1708151400089264,0.6855261325836182,0.46230360865592957,0.0,0.46124833822250366,0.6855261325836182,0.0,0.6855261325836182,0.0,0.0,NA,NA,NA,NA,NA,NA,NA,NA,NA,NA,NA,NA,NA,NA,NA,NA,NA,NA
5,0.5221930742263794,0.6880753040313721,0.6885309219360352,0.0555555559694767,0.9444444179534912,0.0004555210762191564,0.2753623127937317,0.7246376872062683,0.16828227043151855,0.6880753040313721,0.31667500734329224,0.0,0.7796347141265869,0.6880753040313721,0.0,0.6880753040313721,0.0,0.0,NA,NA,NA,NA,NA,NA,NA,NA,NA,NA,NA,NA,NA,NA,NA,NA,NA,NA
6,0.5686842799186707,0.6763935685157776,0.6768491268157959,0.18115942180156708,0.8188405632972717,0.0004554406041279435,0.2753623127937317,0.7246376872062683,0.16613160073757172,0.6763935685157776,0.3724406063556671,0.0,0.5364208817481995,0.6763935685157776,0.0,0.6763935685157776,0.0,0.0,NA,NA,NA,NA,NA,NA,NA,NA,NA,NA,NA,NA,NA,NA,NA,NA,NA,NA
7,0.583947479724884,0.6685138940811157,0.6689693927764893,0.2028985470533371,0.7971014380455017,0.00045541769941337407,0.2753623127937317,0.7246376872062683,0.16350898146629333,0.6685138940811157,0.3104460835456848,0.0,0.46803030371665955,0.6685138940811157,0.0,0.6685138940811157,0.0,0.0,NA,NA,NA,NA,NA,NA,NA,NA,NA,NA,NA,NA,NA,NA,NA,NA,NA,NA
8,0.6108773350715637,0.6619533896446228,0.6624088883399963,0.20772947371006012,0.7922705411911011,0.00045533478260040283,0.2753623127937317,0.7246376872062683,0.16056302189826965,0.6619533896446228,0.31227949261665344,0.0,0.5902720093727112,0.6619533896446228,0.0,0.6619533896446228,0.0,0.0,NA,NA,NA,NA,NA,NA,NA,NA,NA,NA,NA,NA,NA,NA,NA,NA,NA,NA
9,0.5614035725593567,0.6740748286247253,0.6745300889015198,0.20048309862613678,0.7995169162750244,0.00045518361730501056,0.2753623127937317,0.7246376872062683,0.15785302221775055,0.6740748286247253,0.43454688787460327,0.0,0.5868607759475708,0.6740748286247253,0.0,0.6740748286247253,0.0,0.0,NA,NA,NA,NA,NA,NA,NA,NA,NA,NA,NA,NA,NA,NA,NA,NA,NA,NA
10,0.5381579399108887,0.6824068427085876,0.6828622221946716,0.13768115639686584,0.8623188138008118,0.00045512954238802195,0.2753623127937317,0.7246376872062683,0.15608154237270355,0.6824068427085876,0.40004804730415344,0.0,0.8467009663581848,0.6824068427085876,0.0,0.6824068427085876,0.0,0.0,NA,NA,NA,NA,NA,NA,NA,NA,NA,NA,NA,NA,NA,NA,NA,NA,NA,NA
11,0.6069299578666687,0.6501586437225342,0.6506139039993286,0.2222222238779068,0.7777777910232544,0.00045497683458961546,0.2753623127937317,0.7246376872062683,0.15427543222904205,0.6501586437225342,0.3744566738605499,0.0,0.6387067437171936,0.6501586437225342,0.0,0.6501586437225342,0.0,0.0,NA,NA,NA,NA,NA,NA,NA,NA,NA,NA,NA,NA,NA,NA,NA,NA,NA,NA
12,0.6214035749435425,0.6567559838294983,0.6572113037109375,0.2801932394504547,0.7198067903518677,0.0004551561432890594,0.2753623127937317,0.7246376872062683,0.1512204259634018,0.6567559838294983,0.36485928297042847,0.0,0.4189687967300415,0.6567559838294983,0.0,0.6567559838294983,0.0,0.0,NA,NA,NA,NA,NA,NA,NA,NA,NA,NA,NA,NA,NA,NA,NA,NA,NA,NA
13,0.6353509426116943,0.6457901000976562,0.646244466304779,0.25120773911476135,0.748792290687561,0.0004548929864540696,0.2753623127937317,0.7246376872062683,0.14831127226352692,0.6457901000976562,0.3015524446964264,0.0,0.3833211064338684,0.6457901000976562,0.0,0.6457901000976562,0.0,0.0,NA,NA,NA,NA,NA,NA,NA,NA,NA,NA,NA,NA,NA,NA,NA,NA,NA,NA
14,0.6341228485107422,0.6353874802589417,0.6358419060707092,0.27053138613700867,0.729468584060669,0.00045479153050109744,0.2753623127937317,0.7246376872062683,0.14506012201309204,0.6353874802589417,0.3157024681568146,0.0,0.38549280166625977,0.6353874802589417,0.0,0.6353874802589417,0.0,0.0,NA,NA,NA,NA,NA,NA,NA,NA,NA,NA,NA,NA,NA,NA,NA,NA,NA,NA
15,0.6328948736190796,0.6334455013275146,0.6338999271392822,0.28985506296157837,0.7101449370384216,0.000454663357231766,0.2753623127937317,0.7246376872062683,0.1419045329093933,0.6334455013275146,0.34191542863845825,0.0,0.4016000032424927,0.6334455013275146,0.0,0.6334455013275146,0.0,0.0,NA,NA,NA,NA,NA,NA,NA,NA,NA,NA,NA,NA,NA,NA,NA,NA,NA,NA
16,0.6491228938102722,0.6210560202598572,0.62151038646698,0.24879227578639984,0.751207709312439,0.0004544167604763061,0.2753623127937317,0.7246376872062683,0.1390027552843094,0.6210560202598572,0.32522469758987427,0.0,0.4126345217227936,0.6210560202598572,0.0,0.6210560202598572,0.0,0.0,NA,NA,NA,NA,NA,NA,NA,NA,NA,NA,NA,NA,NA,NA,NA,NA,NA,NA
17,0.6460527181625366,0.615044355392456,0.6154985427856445,0.2971014380455017,0.7028985619544983,0.0004543860559351742,0.2753623127937317,0.7246376872062683,0.1363328993320465,0.615044355392456,0.38693946599960327,0.0,0.44695746898651123,0.615044355392456,0.0,0.615044355392456,0.0,0.0,NA,NA,NA,NA,NA,NA,NA,NA,NA,NA,NA,NA,NA,NA,NA,NA,NA,NA
18,0.6456141471862793,0.6094698905944824,0.6099241375923157,0.2801932394504547,0.7198067903518677,0.0004544027033261955,0.2753623127937317,0.7246376872062683,0.13356617093086243,0.6094698905944824,0.3745730519294739,0.0,0.44211694598197937,0.6094698905944824,0.0,0.6094698905944824,0.0,0.0,NA,NA,NA,NA,NA,NA,NA,NA,NA,NA,NA,NA,NA,NA,NA,NA,NA,NA
19,0.6585090160369873,0.6164492964744568,0.6169033050537109,0.24396134912967682,0.7560386657714844,0.00045425878488458693,0.2753623127937317,0.7246376872062683,0.13112476468086243,0.6164492964744568,0.3811398148536682,0.0,0.5305095911026001,0.6164492964744568,0.0,0.6164492964744568,0.0,0.0,NA,NA,NA,NA,NA,NA,NA,NA,NA,NA,NA,NA,NA,NA,NA,NA,NA,NA
20,0.6692107319831848,0.6122041344642639,0.6126581430435181,0.28985506296157837,0.7101449370384216,0.0004541545349638909,0.2753623127937317,0.7246376872062683,0.12890316545963287,0.6122041344642639,0.4014121890068054,0.0,0.45686104893684387,0.6122041344642639,0.0,0.6122041344642639,0.0,0.0,NA,NA,NA,NA,NA,NA,NA,NA,NA,NA,NA,NA,NA,NA,NA,NA,NA,NA
21,0.6541230082511902,0.5955379009246826,0.595991849899292,0.2415459007024765,0.7584540843963623,0.0004539515939541161,0.2753623127937317,0.7246376872062683,0.12683643400669098,0.5955379009246826,0.3952345848083496,0.0,0.4273624122142792,0.5955379009246826,0.0,0.5955379009246826,0.0,0.0,NA,NA,NA,NA,NA,NA,NA,NA,NA,NA,NA,NA,NA,NA,NA,NA,NA,NA
22,0.6710528135299683,0.5963041186332703,0.5967580676078796,0.260869562625885,0.739130437374115,0.0004541560774669051,0.2753623127937317,0.7246376872062683,0.1249447911977768,0.5963041186332703,0.4041006863117218,0.0,0.5563955903053284,0.5963041186332703,0.0,0.5963041186332703,0.0,0.0,NA,NA,NA,NA,NA,NA,NA,NA,NA,NA,NA,NA,NA,NA,NA,NA,NA,NA
23,0.6291229128837585,0.6054148077964783,0.605868935585022,0.2777777910232544,0.7222222089767456,0.0004543227260001004,0.2753623127937317,0.7246376872062683,0.12341295182704926,0.6054148077964783,0.3758993148803711,0.0,0.4792633652687073,0.6054148077964783,0.0,0.6054148077964783,0.0,0.0,NA,NA,NA,NA,NA,NA,NA,NA,NA,NA,NA,NA,NA,NA,NA,NA,NA,NA
24,0.6808773279190063,0.5853791832923889,0.5858331918716431,0.27294686436653137,0.727053165435791,0.000454363354947418,0.2753623127937317,0.7246376872062683,0.12230368703603745,0.5853791832923889,0.4291760325431824,0.0,0.5210880041122437,0.5853791832923889,0.0,0.5853791832923889,0.0,0.0,NA,NA,NA,NA,NA,NA,NA,NA,NA,NA,NA,NA,NA,NA,NA,NA,NA,NA
25,0.6766668558120728,0.5627626180648804,0.5632167458534241,0.24396134912967682,0.7560386657714844,0.000454235851066187,0.2753623127937317,0.7246376872062683,0.12135013937950134,0.5627626180648804,0.3360063433647156,0.0,0.4839032292366028,0.5627626180648804,0.0,0.5627626180648804,0.0,0.0,NA,NA,NA,NA,NA,NA,NA,NA,NA,NA,NA,NA,NA,NA,NA,NA,NA,NA
26,0.6785967350006104,0.5661136507987976,0.5665676593780518,0.28502416610717773,0.7149758338928223,0.0004540994414128363,0.2753623127937317,0.7246376872062683,0.12089956551790237,0.5661136507987976,0.3881019353866577,0.0,0.5236804485321045,0.5661136507987976,0.0,0.5661136507987976,0.0,0.0,NA,NA,NA,NA,NA,NA,NA,NA,NA,NA,NA,NA,NA,NA,NA,NA,NA,NA
27,0.6651754379272461,0.5918000936508179,0.5922540426254272,0.23429951071739197,0.7657004594802856,0.00045402435353025794,0.2753623127937317,0.7246376872062683,0.1208723932504654,0.5918000936508179,0.40488895773887634,0.0,0.6743766069412231,0.5918000936508179,0.0,0.5918000936508179,0.0,0.0,NA,NA,NA,NA,NA,NA,NA,NA,NA,NA,NA,NA,NA,NA,NA,NA,NA,NA
28,0.6507895588874817,0.6177480220794678,0.6182021498680115,0.24637681245803833,0.7536231875419617,0.0004543979885056615,0.2753623127937317,0.7246376872062683,0.121159128844738,0.6177480220794678,0.4297841787338257,0.0,0.5915188193321228,0.6177480220794678,0.0,0.6177480220794678,0.0,0.0,NA,NA,NA,NA,NA,NA,NA,NA,NA,NA,NA,NA,NA,NA,NA,NA,NA,NA
29,0.6843860745429993,0.5668720602989197,0.5673261284828186,0.2415459007024765,0.7584540843963623,0.00045426766155287623,0.2753623127937317,0.7246376872062683,0.12108079344034195,0.5668720602989197,0.33566588163375854,0.0,0.5359873175621033,0.5668720602989197,0.0,0.5668720602989197,0.0,0.0,NA,NA,NA,NA,NA,NA,NA,NA,NA,NA,NA,NA,NA,NA,NA,NA,NA,NA
30,0.6758772730827332,0.5499690771102905,0.5504230856895447,0.2801932394504547,0.7198067903518677,0.00045417429646477103,0.2753623127937317,0.7246376872062683,0.12083112448453903,0.5499690771102905,0.287166953086853,0.0,0.5475236177444458,0.5499690771102905,0.0,0.5499690771102905,0.0,0.0,NA,NA,NA,NA,NA,NA,NA,NA,NA,NA,NA,NA,NA,NA,NA,NA,NA,NA
31,0.6892106533050537,0.5413848161697388,0.5418388843536377,0.260869562625885,0.739130437374115,0.00045428689918480814,0.2753623127937317,0.7246376872062683,0.12030255049467087,0.5413848161697388,0.34251803159713745,0.0,0.5670591592788696,0.5413848161697388,0.0,0.5413848161697388,0.0,0.0,NA,NA,NA,NA,NA,NA,NA,NA,NA,NA,NA,NA,NA,NA,NA,NA,NA,NA
32,0.6494739651679993,0.5714528560638428,0.5719069838523865,0.19565217196941376,0.804347813129425,0.0004544641706161201,0.2753623127937317,0.7246376872062683,0.12052110582590103,0.5714528560638428,0.4587083160877228,0.0,0.741805374622345,0.5714528560638428,0.0,0.5714528560638428,0.0,0.0,NA,NA,NA,NA,NA,NA,NA,NA,NA,NA,NA,NA,NA,NA,NA,NA,NA,NA
33,0.6592984199523926,0.54988032579422,0.5503348112106323,0.20772947371006012,0.7922705411911011,0.00045455762301571667,0.2753623127937317,0.7246376872062683,0.12142574787139893,0.54988032579422,0.39776578545570374,0.0,0.6363855004310608,0.54988032579422,0.0,0.54988032579422,0.0,0.0,NA,NA,NA,NA,NA,NA,NA,NA,NA,NA,NA,NA,NA,NA,NA,NA,NA,NA
34,0.6935965418815613,0.5469954013824463,0.5474498271942139,0.2632850110530853,0.7367149591445923,0.00045471437624655664,0.2753623127937317,0.7246376872062683,0.12172012776136398,0.5469954013824463,0.366982102394104,0.0,0.6399189829826355,0.5469954013824463,0.0,0.5469954013824463,0.0,0.0,NA,NA,NA,NA,NA,NA,NA,NA,NA,NA,NA,NA,NA,NA,NA,NA,NA,NA
35,0.7000877857208252,0.5175219178199768,0.517976701259613,0.2801932394504547,0.7198067903518677,0.000454770983196795,0.2753623127937317,0.7246376872062683,0.12166456133127213,0.5175219178199768,0.3471752405166626,0.0,0.6011709570884705,0.5175219178199768,0.0,0.5175219178199768,0.0,0.0,NA,NA,NA,NA,NA,NA,NA,NA,NA,NA,NA,NA,NA,NA,NA,NA,NA,NA
36,0.719473659992218,0.5062514543533325,0.5067061185836792,0.260869562625885,0.739130437374115,0.00045479353866539896,0.2753623127937317,0.7246376872062683,0.12153797596693039,0.5062514543533325,0.32429245114326477,0.0,0.6195332407951355,0.5062514543533325,0.0,0.5062514543533325,0.0,0.0,NA,NA,NA,NA,NA,NA,NA,NA,NA,NA,NA,NA,NA,NA,NA,NA,NA,NA
37,0.7420175671577454,0.485463947057724,0.48591849207878113,0.2632850110530853,0.7367149591445923,0.0004548095748759806,0.2753623127937317,0.7246376872062683,0.12168583273887634,0.485463947057724,0.34413978457450867,0.0,0.6166962385177612,0.485463947057724,0.0,0.485463947057724,0.0,0.0,NA,NA,NA,NA,NA,NA,NA,NA,NA,NA,NA,NA,NA,NA,NA,NA,NA,NA
38,0.7606140971183777,0.46430012583732605,0.46475517749786377,0.2801932394504547,0.7198067903518677,0.0004549340228550136,0.2753623127937317,0.7246376872062683,0.12137936800718307,0.46430012583732605,0.3690342605113983,0.0,0.6243345737457275,0.46430012583732605,0.0,0.46430012583732605,0.0,0.0,NA,NA,NA,NA,NA,NA,NA,NA,NA,NA,NA,NA,NA,NA,NA,NA,NA,NA
39,0.7472807168960571,0.4561993181705475,0.45665451884269714,0.2995169162750244,0.7004830837249756,0.0004550648445729166,0.2753623127937317,0.7246376872062683,0.12103414535522461,0.4561993181705475,0.3345724940299988,0.0,0.6525446176528931,0.4561993181705475,0.0,0.4561993181705475,0.0,0.0,NA,NA,NA,NA,NA,NA,NA,NA,NA,NA,NA,NA,NA,NA,NA,NA,NA,NA
40,0.7656139731407166,0.4477888345718384,0.4482441544532776,0.27294686436653137,0.727053165435791,0.0004552818718366325,0.2753623127937317,0.7246376872062683,0.12081905454397202,0.4477888345718384,0.33998215198516846,0.0,0.6726202368736267,0.4477888345718384,0.0,0.4477888345718384,0.0,0.0,NA,NA,NA,NA,NA,NA,NA,NA,NA,NA,NA,NA,NA,NA,NA,NA,NA,NA
41,0.7583333849906921,0.4693198800086975,0.4697752594947815,0.2922705411911011,0.7077294588088989,0.000455297325970605,0.2753623127937317,0.7246376872062683,0.12084481120109558,0.4693198800086975,0.36893656849861145,0.0,0.8550721406936646,0.4693198800086975,0.0,0.4693198800086975,0.0,0.0,NA,NA,NA,NA,NA,NA,NA,NA,NA,NA,NA,NA,NA,NA,NA,NA,NA,NA
42,0.5649123787879944,0.6569236516952515,0.657379150390625,0.16908212006092072,0.8309178948402405,0.000455244880868122,0.2753623127937317,0.7246376872062683,0.12191794812679291,0.6569236516952515,0.4562499225139618,0.0,1.543830394744873,0.6569236516952515,0.0,0.6569236516952515,0.0,0.0,NA,NA,NA,NA,NA,NA,NA,NA,NA,NA,NA,NA,NA,NA,NA,NA,NA,NA
43,0.6408772468566895,0.6103318333625793,0.6107872724533081,0.3309178650379181,0.6690821051597595,0.0004552972095552832,0.2753623127937317,0.7246376872062683,0.12432368844747543,0.6103318333625793,0.5752285122871399,0.0,1.0858515501022339,0.6103318333625793,0.0,0.6103318333625793,0.0,0.0,NA,NA,NA,NA,NA,NA,NA,NA,NA,NA,NA,NA,NA,NA,NA,NA,NA,NA
44,0.7212280035018921,0.5213044285774231,0.521760106086731,0.3285024166107178,0.6714975833892822,0.0004555688356049359,0.2753623127937317,0.7246376872062683,0.12518341839313507,0.5213044285774231,0.5004799962043762,0.0,0.8165419101715088,0.5213044285774231,0.0,0.5213044285774231,0.0,0.0,NA,NA,NA,NA,NA,NA,NA,NA,NA,NA,NA,NA,NA,NA,NA,NA,NA,NA
45,0.7155264019966125,0.5077794194221497,0.5082352161407471,0.2753623127937317,0.7246376872062683,0.00045565428445115685,0.2753623127937317,0.7246376872062683,0.12484793365001678,0.5077794194221497,0.5881972312927246,0.0,0.9202904105186462,0.5077794194221497,0.0,0.5077794194221497,0.0,0.0,NA,NA,NA,NA,NA,NA,NA,NA,NA,NA,NA,NA,NA,NA,NA,NA,NA,NA
46,0.7401754856109619,0.5007412433624268,0.5011970400810242,0.2922705411911011,0.7077294588088989,0.00045588923967443407,0.2753623127937317,0.7246376872062683,0.12489934265613556,0.5007412433624268,0.6202401518821716,0.0,0.9258320927619934,0.5007412433624268,0.0,0.5007412433624268,0.0,0.0,NA,NA,NA,NA,NA,NA,NA,NA,NA,NA,NA,NA,NA,NA,NA,NA,NA,NA
47,0.740614116191864,0.4710141718387604,0.47147005796432495,0.30917873978614807,0.6908212304115295,0.00045598900760523975,0.2753623127937317,0.7246376872062683,0.1250232756137848,0.4710141718387604,0.49228811264038086,0.0,0.8377779722213745,0.4710141718387604,0.0,0.4710141718387604,0.0,0.0,NA,NA,NA,NA,NA,NA,NA,NA,NA,NA,NA,NA,NA,NA,NA,NA,NA,NA
48,0.7681578993797302,0.4380841553211212,0.4385400414466858,0.30434781312942505,0.695652186870575,0.0004559186927508563,0.2753623127937317,0.7246376872062683,0.12480369955301285,0.4380841553211212,0.44879576563835144,0.0,0.8347095847129822,0.4380841553211212,0.0,0.4380841553211212,0.0,0.0,NA,NA,NA,NA,NA,NA,NA,NA,NA,NA,NA,NA,NA,NA,NA,NA,NA,NA
49,0.7957018613815308,0.413374125957489,0.4138299822807312,0.2995169162750244,0.7004830837249756,0.00045595417032018304,0.2753623127937317,0.7246376872062683,0.12452513724565506,0.413374125957489,0.43037402629852295,0.0,0.8420423865318298,0.413374125957489,0.0,0.413374125957489,0.0,0.0,NA,NA,NA,NA,NA,NA,NA,NA,NA,NA,NA,NA,NA,NA,NA,NA,NA,NA
50,0.8055264353752136,0.40534892678260803,0.4058047831058502,0.3115941882133484,0.6884058117866516,0.0004560223896987736,0.2753623127937317,0.7246376872062683,0.12407808750867844,0.40534892678260803,0.43426448106765747,0.0,0.8640004396438599,0.40534892678260803,0.0,0.40534892678260803,0.0,0.0,NA,NA,NA,NA,NA,NA,NA,NA,NA,NA,NA,NA,NA,NA,NA,NA,NA,NA
51,0.7961404919624329,0.4070548713207245,0.40751075744628906,0.3164251148700714,0.6835748553276062,0.00045596822747029364,0.2753623127937317,0.7246376872062683,0.1234600692987442,0.4070548713207245,0.3769666850566864,0.0,0.8975127339363098,0.4070548713207245,0.0,0.4070548713207245,0.0,0.0,NA,NA,NA,NA,NA,NA,NA,NA,NA,NA,NA,NA,NA,NA,NA,NA,NA,NA
52,0.7834210395812988,0.4154817461967468,0.415937602519989,0.32608696818351746,0.6739130616188049,0.0004560872330330312,0.2753623127937317,0.7246376872062683,0.1229776069521904,0.4154817461967468,0.48488494753837585,0.0,0.9388174414634705,0.4154817461967468,0.0,0.4154817461967468,0.0,0.0,NA,NA,NA,NA,NA,NA,NA,NA,NA,NA,NA,NA,NA,NA,NA,NA,NA,NA
53,0.8307895064353943,0.37330400943756104,0.3737603724002838,0.3188405930995941,0.6811594367027283,0.0004563539114315063,0.2753623127937317,0.7246376872062683,0.12225888669490814,0.37330400943756104,0.43063604831695557,0.0,0.9216597676277161,0.37330400943756104,0.0,0.37330400943756104,0.0,0.0,NA,NA,NA,NA,NA,NA,NA,NA,NA,NA,NA,NA,NA,NA,NA,NA,NA,NA
54,0.8257893919944763,0.35822173953056335,0.3586779236793518,0.32608696818351746,0.6739130616188049,0.00045627274084836245,0.2753623127937317,0.7246376872062683,0.12104518711566925,0.35822173953056335,0.43305012583732605,0.0,0.9338691234588623,0.35822173953056335,0.0,0.35822173953056335,0.0,0.0,NA,NA,NA,NA,NA,NA,NA,NA,NA,NA,NA,NA,NA,NA,NA,NA,NA,NA
55,0.8368421196937561,0.34263646602630615,0.34309250116348267,0.3188405930995941,0.6811594367027283,0.000456202746136114,0.2753623127937317,0.7246376872062683,0.119899220764637,0.34263646602630615,0.441556453704834,0.0,0.9892116785049438,0.34263646602630615,0.0,0.34263646602630615,0.0,0.0,NA,NA,NA,NA,NA,NA,NA,NA,NA,NA,NA,NA,NA,NA,NA,NA,NA,NA
56,0.8186843395233154,0.3858995735645294,0.38635602593421936,0.3188405930995941,0.6811594367027283,0.0004563871771097183,0.2753623127937317,0.7246376872062683,0.11930975317955017,0.3858995735645294,0.4570320248603821,0.0,1.082176685333252,0.3858995735645294,0.0,0.3858995735645294,0.0,0.0,NA,NA,NA,NA,NA,NA,NA,NA,NA,NA,NA,NA,NA,NA,NA,NA,NA,NA
57,0.7980702519416809,0.43897488713264465,0.4394319951534271,0.35748791694641113,0.6425120830535889,0.00045681220944970846,0.2753623127937317,0.7246376872062683,0.11884167790412903,0.43897488713264465,0.6797042489051819,0.0,1.145426869392395,0.43897488713264465,0.0,0.43897488713264465,0.0,0.0,NA,NA,NA,NA,NA,NA,NA,NA,NA,NA,NA,NA,NA,NA,NA,NA,NA,NA
58,0.8074561953544617,0.39787769317626953,0.3983345627784729,0.3526569902896881,0.6473429799079895,0.0004569417505990714,0.2753623127937317,0.7246376872062683,0.11798657476902008,0.39787769317626953,0.5941241979598999,0.0,1.1832225322723389,0.39787769317626953,0.0,0.39787769317626953,0.0,0.0,NA,NA,NA,NA,NA,NA,NA,NA,NA,NA,NA,NA,NA,NA,NA,NA,NA,NA
59,0.7992982268333435,0.3780374526977539,0.3784944415092468,0.33816424012184143,0.6618357300758362,0.00045689556282013655,0.2753623127937317,0.7246376872062683,0.11704032123088837,0.3780374526977539,0.5875769853591919,0.0,1.15513014793396,0.3780374526977539,0.0,0.3780374526977539,0.0,0.0,NA,NA,NA,NA,NA,NA,NA,NA,NA,NA,NA,NA,NA,NA,NA,NA,NA,NA
60,0.803245484828949,0.351064532995224,0.35152146220207214,0.32367148995399475,0.6763284802436829,0.0004568998410832137,0.2753623127937317,0.7246376872062683,0.11618190258741379,0.351064532995224,0.5044105648994446,0.0,1.1332476139068604,0.351064532995224,0.0,0.351064532995224,0.0,0.0,NA,NA,NA,NA,NA,NA,NA,NA,NA,NA,NA,NA,NA,NA,NA,NA,NA,NA
61,0.8362278938293457,0.3332623243331909,0.3337191343307495,0.3285024166107178,0.6714975833892822,0.0004568484437186271,0.2753623127937317,0.7246376872062683,0.1153305396437645,0.3332623243331909,0.5016099214553833,0.0,1.1855721473693848,0.3332623243331909,0.0,0.3332623243331909,0.0,0.0,NA,NA,NA,NA,NA,NA,NA,NA,NA,NA,NA,NA,NA,NA,NA,NA,NA,NA
62,0.8400000929832458,0.32741767168045044,0.3278745114803314,0.34057971835136414,0.6594203114509583,0.00045685406075790524,0.2753623127937317,0.7246376872062683,0.11447232216596603,0.32741767168045044,0.5480731725692749,0.0,1.1852754354476929,0.32741767168045044,0.0,0.32741767168045044,0.0,0.0,NA,NA,NA,NA,NA,NA,NA,NA,NA,NA,NA,NA,NA,NA,NA,NA,NA,NA
63,0.8516666293144226,0.3166503310203552,0.3171071708202362,0.32367148995399475,0.6763284802436829,0.00045697411405853927,0.2753623127937317,0.7246376872062683,0.11332941055297852,0.3166503310203552,0.5331975221633911,0.0,1.2354614734649658,0.3166503310203552,0.0,0.3166503310203552,0.0,0.0,NA,NA,NA,NA,NA,NA,NA,NA,NA,NA,NA,NA,NA,NA,NA,NA,NA,NA
64,0.8671051263809204,0.2857204079627991,0.28617721796035767,0.3188405930995941,0.6811594367027283,0.0004568992299027741,0.2753623127937317,0.7246376872062683,0.11235494911670685,0.2857204079627991,0.6014103889465332,0.0,1.2346265316009521,0.2857204079627991,0.0,0.2857204079627991,0.0,0.0,NA,NA,NA,NA,NA,NA,NA,NA,NA,NA,NA,NA,NA,NA,NA,NA,NA,NA
65,0.8798244595527649,0.28535032272338867,0.28580719232559204,0.30917873978614807,0.6908212304115295,0.00045702813076786697,0.2753623127937317,0.7246376872062683,0.11121562868356705,0.28535032272338867,0.642078697681427,0.0,1.268398404121399,0.28535032272338867,0.0,0.28535032272338867,0.0,0.0,NA,NA,NA,NA,NA,NA,NA,NA,NA,NA,NA,NA,NA,NA,NA,NA,NA,NA
66,0.8627192378044128,0.2844850420951843,0.28494247794151306,0.3164251148700714,0.6835748553276062,0.000457265879958868,0.2753623127937317,0.7246376872062683,0.1102067306637764,0.2844850420951843,0.663873553276062,0.0,1.2756749391555786,0.2844850420951843,0.0,0.2844850420951843,0.0,0.0,NA,NA,NA,NA,NA,NA,NA,NA,NA,NA,NA,NA,NA,NA,NA,NA,NA,NA
67,0.8374560475349426,0.3021639585494995,0.302621454000473,0.30917873978614807,0.6908212304115295,0.0004573262413032353,0.2753623127937317,0.7246376872062683,0.10948982834815979,0.3021639585494995,0.6525269150733948,0.0,1.3312840461730957,0.3021639585494995,0.0,0.3021639585494995,0.0,0.0,NA,NA,NA,NA,NA,NA,NA,NA,NA,NA,NA,NA,NA,NA,NA,NA,NA,NA
68,0.7446491122245789,0.517940878868103,0.5183984637260437,0.3647342920303345,0.6352657079696655,0.0004575952480081469,0.2753623127937317,0.7246376872062683,0.10849393904209137,0.517940878868103,0.6828541159629822,0.0,1.6641221046447754,0.517940878868103,0.0,0.517940878868103,0.0,0.0,NA,NA,NA,NA,NA,NA,NA,NA,NA,NA,NA,NA,NA,NA,NA,NA,NA,NA
69,0.780701756477356,0.41619718074798584,0.41665494441986084,0.32125604152679443,0.6787439584732056,0.00045788486022502184,0.2753623127937317,0.7246376872062683,0.10711664706468582,0.41619718074798584,0.7391191720962524,0.0,1.2938719987869263,0.41619718074798584,0.0,0.41619718074798584,0.0,0.0,NA,NA,NA,NA,NA,NA,NA,NA,NA,NA,NA,NA,NA,NA,NA,NA,NA,NA
70,0.8687719106674194,0.30712345242500305,0.30758124589920044,0.3164251148700714,0.6835748553276062,0.0004578200459945947,0.2753623127937317,0.7246376872062683,0.10639513283967972,0.30712345242500305,0.6365655064582825,0.0,1.3210124969482422,0.30712345242500305,0.0,0.30712345242500305,0.0,0.0,NA,NA,NA,NA,NA,NA,NA,NA,NA,NA,NA,NA,NA,NA,NA,NA,NA,NA
71,0.8572806715965271,0.28694021701812744,0.28739795088768005,0.30676329135894775,0.6932367086410522,0.0004576317733153701,0.2753623127937317,0.7246376872062683,0.105905681848526,0.28694021701812744,0.6370181441307068,0.0,1.3686505556106567,0.28694021701812744,0.0,0.28694021701812744,0.0,0.0,NA,NA,NA,NA,NA,NA,NA,NA,NA,NA,NA,NA,NA,NA,NA,NA,NA,NA
72,0.8881577849388123,0.24149510264396667,0.2419527918100357,0.2971014380455017,0.7028985619544983,0.00045763232628814876,0.2753623127937317,0.7246376872062683,0.10558590292930603,0.24149510264396667,0.5746341347694397,0.0,1.3803712129592896,0.24149510264396667,0.0,0.24149510264396667,0.0,0.0,NA,NA,NA,NA,NA,NA,NA,NA,NA,NA,NA,NA,NA,NA,NA,NA,NA,NA
73,0.8835964798927307,0.26009249687194824,0.26055020093917847,0.32125604152679443,0.6787439584732056,0.0004575496423058212,0.2753623127937317,0.7246376872062683,0.10506316274404526,0.26009249687194824,0.5794693827629089,0.0,1.4490845203399658,0.26009249687194824,0.0,0.26009249687194824,0.0,0.0,NA,NA,NA,NA,NA,NA,NA,NA,NA,NA,NA,NA,NA,NA,NA,NA,NA,NA
74,0.8748245239257812,0.2887312173843384,0.28918901085853577,0.3164251148700714,0.6835748553276062,0.0004579088999889791,0.2753623127937317,0.7246376872062683,0.10409767180681229,0.2887312173843384,0.6133601665496826,0.0,1.5079026222229004,0.2887312173843384,0.0,0.2887312173843384,0.0,0.0,NA,NA,NA,NA,NA,NA,NA,NA,NA,NA,NA,NA,NA,NA,NA,NA,NA,NA
75,0.9029822945594788,0.21899034082889557,0.21944810450077057,0.30193236470222473,0.6980676054954529,0.0004577956278808415,0.2753623127937317,0.7246376872062683,0.10320533812046051,0.21899034082889557,0.5044986009597778,0.0,1.4888323545455933,0.21899034082889557,0.0,0.21899034082889557,0.0,0.0,NA,NA,NA,NA,NA,NA,NA,NA,NA,NA,NA,NA,NA,NA,NA,NA,NA,NA
76,0.922806978225708,0.20230676233768463,0.20276451110839844,0.2995169162750244,0.7004830837249756,0.00045767880510538816,0.2753623127937317,0.7246376872062683,0.10236985981464386,0.20230676233768463,0.5058559775352478,0.0,1.4979673624038696,0.20230676233768463,0.0,0.20230676233768463,0.0,0.0,NA,NA,NA,NA,NA,NA,NA,NA,NA,NA,NA,NA,NA,NA,NA,NA,NA,NA
77,0.9328069686889648,0.18609461188316345,0.18655230104923248,0.28502416610717773,0.7149758338928223,0.00045764941023662686,0.2753623127937317,0.7246376872062683,0.1015876829624176,0.18609461188316345,0.4978315234184265,0.0,1.53978431224823,0.18609461188316345,0.0,0.18609461188316345,0.0,0.0,NA,NA,NA,NA,NA,NA,NA,NA,NA,NA,NA,NA,NA,NA,NA,NA,NA,NA
78,0.9321929812431335,0.18947872519493103,0.18993674218654633,0.2946859896183014,0.7053139805793762,0.0004579905653372407,0.2753623127937317,0.7246376872062683,0.10091745108366013,0.18947872519493103,0.5146738886833191,0.0,1.5812015533447266,0.18947872519493103,0.0,0.18947872519493103,0.0,0.0,NA,NA,NA,NA,NA,NA,NA,NA,NA,NA,NA,NA,NA,NA,NA,NA,NA,NA
79,0.9399121999740601,0.16355477273464203,0.16401264071464539,0.2922705411911011,0.7077294588088989,0.00045794283505529165,0.2753623127937317,0.7246376872062683,0.10042349249124527,0.16355477273464203,0.5454576015472412,0.0,1.6405996084213257,0.16355477273464203,0.0,0.16355477273464203,0.0,0.0,NA,NA,NA,NA,NA,NA,NA,NA,NA,NA,NA,NA,NA,NA,NA,NA,NA,NA
80,0.9520174860954285,0.14588646590709686,0.14634425938129425,0.2922705411911011,0.7077294588088989,0.00045788424904458225,0.2753623127937317,0.7246376872062683,0.09982539713382721,0.14588646590709686,0.5271044969558716,0.0,1.6894299983978271,0.14588646590709686,0.0,0.14588646590709686,0.0,0.0,NA,NA,NA,NA,NA,NA,NA,NA,NA,NA,NA,NA,NA,NA,NA,NA,NA,NA
81,0.952017605304718,0.1543319970369339,0.15478992462158203,0.2922705411911011,0.7077294588088989,0.0004579221422318369,0.2753623127937317,0.7246376872062683,0.09913075715303421,0.1543319970369339,0.4919157028198242,0.0,1.7346144914627075,0.1543319970369339,0.0,0.1543319970369339,0.0,0.0,NA,NA,NA,NA,NA,NA,NA,NA,NA,NA,NA,NA,NA,NA,NA,NA,NA,NA
82,0.9453508853912354,0.1388222724199295,0.13928037881851196,0.30193236470222473,0.6980676054954529,0.00045804789988324046,0.2753623127937317,0.7246376872062683,0.09841998666524887,0.1388222724199295,0.4964663088321686,0.0,1.7676169872283936,0.1388222724199295,0.0,0.1388222724199295,0.0,0.0,NA,NA,NA,NA,NA,NA,NA,NA,NA,NA,NA,NA,NA,NA,NA,NA,NA,NA
83,0.944298267364502,0.14538520574569702,0.14584332704544067,0.2946859896183014,0.7053139805793762,0.00045808186405338347,0.2753623127937317,0.7246376872062683,0.09776049107313156,0.14538520574569702,0.5254640579223633,0.0,1.8499099016189575,0.14538520574569702,0.0,0.14538520574569702,0.0,0.0,NA,NA,NA,NA,NA,NA,NA,NA,NA,NA,NA,NA,NA,NA,NA,NA,NA,NA
84,0.957456111907959,0.13820582628250122,0.13866399228572845,0.30193236470222473,0.6980676054954529,0.00045810145093128085,0.2753623127937317,0.7246376872062683,0.0974302813410759,0.13820582628250122,0.5527297854423523,0.0,1.9004249572753906,0.13820582628250122,0.0,0.13820582628250122,0.0,0.0,NA,NA,NA,NA,NA,NA,NA,NA,NA,NA,NA,NA,NA,NA,NA,NA,NA,NA
85,0.9476315379142761,0.14098788797855377,0.14144602417945862,0.28985506296157837,0.7101449370384216,0.00045810785377398133,0.2753623127937317,0.7246376872062683,0.09699121117591858,0.14098788797855377,0.5607143640518188,0.0,1.9753092527389526,0.14098788797855377,0.0,0.14098788797855377,0.0,0.0,NA,NA,NA,NA,NA,NA,NA,NA,NA,NA,NA,NA,NA,NA,NA,NA,NA,NA
86,0.9695614576339722,0.11072690039873123,0.11118486523628235,0.30193236470222473,0.6980676054954529,0.0004579916421789676,0.2753623127937317,0.7246376872062683,0.096797876060009,0.11072690039873123,0.5578514933586121,0.0,2.0093140602111816,0.11072690039873123,0.0,0.11072690039873123,0.0,0.0,NA,NA,NA,NA,NA,NA,NA,NA,NA,NA,NA,NA,NA,NA,NA,NA,NA,NA
87,0.963070273399353,0.09943047910928726,0.09988851100206375,0.28502416610717773,0.7149758338928223,0.0004580550012178719,0.2753623127937317,0.7246376872062683,0.09623995423316956,0.09943047910928726,0.5601022243499756,0.0,1.9880510568618774,0.09943047910928726,0.0,0.09943047910928726,0.0,0.0,NA,NA,NA,NA,NA,NA,NA,NA,NA,NA,NA,NA,NA,NA,NA,NA,NA,NA
88,0.9768421649932861,0.08161237835884094,0.08207039535045624,0.28260868787765503,0.717391312122345,0.00045800491352565587,0.2753623127937317,0.7246376872062683,0.09578479826450348,0.08161237835884094,0.519157350063324,0.0,2.0240137577056885,0.08161237835884094,0.0,0.08161237835884094,0.0,0.0,NA,NA,NA,NA,NA,NA,NA,NA,NA,NA,NA,NA,NA,NA,NA,NA,NA,NA
89,0.9745615124702454,0.10265541076660156,0.10311340540647507,0.2946859896183014,0.7053139805793762,0.0004579848318826407,0.2753623127937317,0.7246376872062683,0.09526932239532471,0.10265541076660156,0.4608275294303894,0.0,2.119149923324585,0.10265541076660156,0.0,0.10265541076660156,0.0,0.0,NA,NA,NA,NA,NA,NA,NA,NA,NA,NA,NA,NA,NA,NA,NA,NA,NA,NA
90,0.9641228914260864,0.09369393438100815,0.09415190666913986,0.2922705411911011,0.7077294588088989,0.00045799475628882647,0.2753623127937317,0.7246376872062683,0.09499890357255936,0.09369393438100815,0.4877943694591522,0.0,2.1647958755493164,0.09369393438100815,0.0,0.09369393438100815,0.0,0.0,NA,NA,NA,NA,NA,NA,NA,NA,NA,NA,NA,NA,NA,NA,NA,NA,NA,NA
91,0.8821051120758057,0.25873827934265137,0.25919654965400696,0.2971014380455017,0.7028985619544983,0.0004582001129165292,0.2753623127937317,0.7246376872062683,0.09492870420217514,0.25873827934265137,0.7008499503135681,0.0,2.4725255966186523,0.25873827934265137,0.0,0.25873827934265137,0.0,0.0,NA,NA,NA,NA,NA,NA,NA,NA,NA,NA,NA,NA,NA,NA,NA,NA,NA,NA
92,0.8201754689216614,0.37067168951034546,0.3711303472518921,0.34299516677856445,0.6570048332214355,0.0004585447604767978,0.2753623127937317,0.7246376872062683,0.09545494616031647,0.37067168951034546,0.8131279349327087,0.0,2.6250736713409424,0.37067168951034546,0.0,0.37067168951034546,0.0,0.0,NA,NA,NA,NA,NA,NA,NA,NA,NA,NA,NA,NA,NA,NA,NA,NA,NA,NA
93,0.8869297504425049,0.29310762882232666,0.29356634616851807,0.3164251148700714,0.6835748553276062,0.0004588115552905947,0.2753623127937317,0.7246376872062683,0.09543856978416443,0.29310762882232666,0.6563291549682617,0.0,2.4987668991088867,0.29310762882232666,0.0,0.29310762882232666,0.0,0.0,NA,NA,NA,NA,NA,NA,NA,NA,NA,NA,NA,NA,NA,NA,NA,NA,NA,NA
94,0.9073683619499207,0.2208987921476364,0.221358060836792,0.30434781312942505,0.695652186870575,0.00045910367043688893,0.2753623127937317,0.7246376872062683,0.09520690888166428,0.2208987921476364,0.5992486476898193,0.0,2.4958951473236084,0.2208987921476364,0.0,0.2208987921476364,0.0,0.0,NA,NA,NA,NA,NA,NA,NA,NA,NA,NA,NA,NA,NA,NA,NA,NA,NA,NA
95,0.9470175504684448,0.13779662549495697,0.13825589418411255,0.2995169162750244,0.7004830837249756,0.0004593414778355509,0.2753623127937317,0.7246376872062683,0.09489022940397263,0.13779662549495697,0.5803953409194946,0.0,2.3976051807403564,0.13779662549495697,0.0,0.13779662549495697,0.0,0.0,NA,NA,NA,NA,NA,NA,NA,NA,NA,NA,NA,NA,NA,NA,NA,NA,NA,NA
96,0.973508894443512,0.10658805817365646,0.1070474311709404,0.28743961453437805,0.7125604152679443,0.000459411385236308,0.2753623127937317,0.7246376872062683,0.09434938430786133,0.10658805817365646,0.5835584998130798,0.0,2.4191715717315674,0.10658805817365646,0.0,0.10658805817365646,0.0,0.0,NA,NA,NA,NA,NA,NA,NA,NA,NA,NA,NA,NA,NA,NA,NA,NA,NA,NA
97,0.9950001239776611,0.06941234320402145,0.06987176835536957,0.28260868787765503,0.717391312122345,0.00045940279960632324,0.2753623127937317,0.7246376872062683,0.0940096527338028,0.06941234320402145,0.5866245627403259,0.0,2.4083597660064697,0.06941234320402145,0.0,0.06941234320402145,0.0,0.0,NA,NA,NA,NA,NA,NA,NA,NA,NA,NA,NA,NA,NA,NA,NA,NA,NA,NA
