epoch,accuracy,autoencoder_loss,decoder_accuracy,kl_loss,loss,predicted_class_0_fraction,predicted_class_1_fraction,reconstruction_loss,true_class_0_fraction,true_class_1_fraction,vc_class_prior_kl,vc_cross_entropy,vc_discriminator_kl,vc_discriminator_loss,vc_latent_kl,vc_loss,weighted_kl_loss,weighted_vc_class_prior_kl,weighted_vc_cross_entropy,weighted_vc_discriminator_kl,weighted_vc_latent_kl,val_accuracy,val_autoencoder_loss,val_decoder_accuracy,val_kl_loss,val_loss,val_predicted_class_0_fraction,val_predicted_class_1_fraction,val_reconstruction_loss,val_true_class_0_fraction,val_true_class_1_fraction,val_vc_class_prior_kl,val_vc_cross_entropy,val_vc_discriminator_kl,val_vc_discriminator_loss,val_vc_latent_kl,val_vc_loss,val_weighted_kl_loss,val_weighted_vc_class_prior_kl,val_weighted_vc_cross_entropy,val_weighted_vc_discriminator_kl,val_weighted_vc_latent_kl
0,0.7246376872062683,1.0503482818603516,-0.024806976318359375,0.08459476381540298,1.2159746885299683,0.0,1.0,1.0165108442306519,0.2753623127937317,0.7246376872062683,0.11549526453018188,0.6891008615493774,0.3808182179927826,0.0,0.6673983335494995,0.9008700251579285,0.03383791446685791,0.011549524962902069,0.6891008615493774,0.0,0.2002195417881012,NA,NA,NA,NA,NA,NA,NA,NA,NA,NA,NA,NA,NA,NA,NA,NA,NA,NA,NA,NA,NA
1,0.7244766354560852,1.0302013158798218,-0.006482720375061035,0.07974441349506378,1.1036896705627441,0.004347825888544321,0.9956521987915039,0.9983037114143372,0.2753623127937317,0.7246376872062683,0.11126280575990677,0.684649646282196,0.3623177707195282,0.0,0.3295120596885681,0.7946293950080872,0.031897760927677155,0.01112628448754549,0.684649646282196,0.0,0.09885362535715103,NA,NA,NA,NA,NA,NA,NA,NA,NA,NA,NA,NA,NA,NA,NA,NA,NA,NA,NA,NA,NA
2,0.6534621715545654,1.0234509706497192,-0.002554774284362793,0.07264584302902222,1.0910993814468384,0.19645732641220093,0.8035426735877991,0.9943926930427551,0.2753623127937317,0.7246376872062683,0.10719490796327591,0.6809130311012268,0.37129804491996765,0.0,0.3081057071685791,0.7840642929077148,0.02905833162367344,0.01071949303150177,0.6809130311012268,0.0,0.0924316942691803,NA,NA,NA,NA,NA,NA,NA,NA,NA,NA,NA,NA,NA,NA,NA,NA,NA,NA,NA,NA,NA
3,0.5648953318595886,1.0200031995773315,-0.001178741455078125,0.067452572286129,1.0783820152282715,0.4157809913158417,0.5842189788818359,0.9930223822593689,0.2753623127937317,0.7246376872062683,0.10326327383518219,0.6783002018928528,0.4023170471191406,0.0,0.2791805565357208,0.7723806500434875,0.02698102965950966,0.010326326824724674,0.6783002018928528,0.0,0.08375415951013565,NA,NA,NA,NA,NA,NA,NA,NA,NA,NA,NA,NA,NA,NA,NA,NA,NA,NA,NA,NA,NA
4,0.5613526701927185,1.0183292627334595,-0.0006943941116333008,0.06447416543960571,1.0703397989273071,0.42576488852500916,0.5742350816726685,0.9925394058227539,0.2753623127937317,0.7246376872062683,0.09945976734161377,0.6757785081863403,0.3981923758983612,0.0,0.2637202739715576,0.7648406028747559,0.025789666920900345,0.009945975616574287,0.6757785081863403,0.0,0.0791160985827446,NA,NA,NA,NA,NA,NA,NA,NA,NA,NA,NA,NA,NA,NA,NA,NA,NA,NA,NA,NA,NA
5,0.6083735823631287,1.0156582593917847,-0.0004239082336425781,0.058471228927373886,1.0677547454833984,0.2982286512851715,0.7017713189125061,0.9922696948051453,0.2753623127937317,0.7246376872062683,0.09577919542789459,0.6743031740188599,0.40561410784721375,0.0,0.2639201283454895,0.7630574107170105,0.023388490080833435,0.009577922523021698,0.6743031740188599,0.0,0.07917603105306625,NA,NA,NA,NA,NA,NA,NA,NA,NA,NA,NA,NA,NA,NA,NA,NA,NA,NA,NA,NA,NA
6,0.6718196272850037,1.0136158466339111,-0.00028836727142333984,0.053702037781476974,1.0646088123321533,0.1574879288673401,0.8425120711326599,0.9921350479125977,0.2753623127937317,0.7246376872062683,0.09221778810024261,0.6729961037635803,0.42637839913368225,0.0,0.2610209882259369,0.7605242133140564,0.021480821073055267,0.00922178290784359,0.6729961037635803,0.0,0.07830631732940674,NA,NA,NA,NA,NA,NA,NA,NA,NA,NA,NA,NA,NA,NA,NA,NA,NA,NA,NA,NA,NA
7,0.6370370388031006,1.0141422748565674,-0.0002048015594482422,0.055226024240255356,1.0531888008117676,0.23961353302001953,0.7603864669799805,0.9920520186424255,0.2753623127937317,0.7246376872062683,0.08877170085906982,0.6712096333503723,0.4162052273750305,0.0,0.2295302301645279,0.7489458918571472,0.02209041826426983,0.00887717492878437,0.6712096333503723,0.0,0.06885907799005508,NA,NA,NA,NA,NA,NA,NA,NA,NA,NA,NA,NA,NA,NA,NA,NA,NA,NA,NA,NA,NA
8,0.5916264057159424,1.014367938041687,-0.00015783309936523438,0.05590858310461044,1.0392396450042725,0.34750401973724365,0.6524959802627563,0.9920046925544739,0.2753623127937317,0.7246376872062683,0.0854373499751091,0.6685279011726379,0.38707226514816284,0.0,0.1928594410419464,0.7349292039871216,0.022363431751728058,0.008543736301362514,0.6685279011726379,0.0,0.05785781890153885,NA,NA,NA,NA,NA,NA,NA,NA,NA,NA,NA,NA,NA,NA,NA,NA,NA,NA,NA,NA,NA
9,0.5866344571113586,1.01370370388031,-0.0001024007797241211,0.054386742413043976,1.0384730100631714,0.35185185074806213,0.6481481194496155,0.9919490218162537,0.2753623127937317,0.7246376872062683,0.08221162855625153,0.6679278016090393,0.39763692021369934,0.0,0.19404205679893494,0.7343615889549255,0.02175469696521759,0.008221164345741272,0.6679278016090393,0.0,0.05821259692311287,NA,NA,NA,NA,NA,NA,NA,NA,NA,NA,NA,NA,NA,NA,NA,NA,NA,NA,NA,NA,NA
10,0.5595813393592834,1.0136924982070923,-8.785724639892578e-05,0.054392989724874496,1.0362712144851685,0.41433173418045044,0.5856682658195496,0.9919348955154419,0.2753623127937317,0.7246376872062683,0.07909172773361206,0.6660171747207642,0.38569319248199463,0.0,0.19412407279014587,0.7321635484695435,0.02175718918442726,0.007909172214567661,0.6660171747207642,0.0,0.058237239718437195,NA,NA,NA,NA,NA,NA,NA,NA,NA,NA,NA,NA,NA,NA,NA,NA,NA,NA,NA,NA,NA
11,0.5718196630477905,1.0136163234710693,-6.35385513305664e-05,0.054264042526483536,1.027431607246399,0.40531399846076965,0.594685971736908,0.9919106364250183,0.2753623127937317,0.7246376872062683,0.07607464492321014,0.6631877422332764,0.3853623569011688,0.0,0.17517158389091492,0.7233466506004333,0.021705610677599907,0.007607465609908104,0.6631877422332764,0.0,0.05255147069692612,NA,NA,NA,NA,NA,NA,NA,NA,NA,NA,NA,NA,NA,NA,NA,NA,NA,NA,NA,NA,NA
12,0.5673108100891113,1.0130280256271362,-5.936622619628906e-05,0.052805833518505096,1.0228692293167114,0.39951691031455994,0.6004831194877625,0.9919057488441467,0.2753623127937317,0.7246376872062683,0.07315779477357864,0.6633718609809875,0.37018173933029175,0.0,0.16091115772724152,0.7189611196517944,0.021122334524989128,0.007315778639167547,0.6633718609809875,0.0,0.04827335849404335,NA,NA,NA,NA,NA,NA,NA,NA,NA,NA,NA,NA,NA,NA,NA,NA,NA,NA,NA,NA,NA
13,0.5666666626930237,1.0128408670425415,-4.8041343688964844e-05,0.052363187074661255,1.0247719287872314,0.39371979236602783,0.6062802076339722,0.9918954968452454,0.2753623127937317,0.7246376872062683,0.07033827155828476,0.6623563766479492,0.3640086054801941,0.0,0.17176537215709686,0.7209197878837585,0.020945273339748383,0.007033826317638159,0.6623563766479492,0.0,0.05152961239218712,NA,NA,NA,NA,NA,NA,NA,NA,NA,NA,NA,NA,NA,NA,NA,NA,NA,NA,NA,NA,NA
14,0.572141706943512,1.0114500522613525,-3.731250762939453e-05,0.04891231656074524,1.0189353227615356,0.37600645422935486,0.6239935755729675,0.9918850660324097,0.2753623127937317,0.7246376872062683,0.06761394441127777,0.6596288084983826,0.379953533411026,0.0,0.1636996567249298,0.7155001759529114,0.019564921036362648,0.0067613935098052025,0.6596288084983826,0.0,0.04910990223288536,NA,NA,NA,NA,NA,NA,NA,NA,NA,NA,NA,NA,NA,NA,NA,NA,NA,NA,NA,NA,NA
