step,target_loss_component,decoded_distance_reference,learning_rate,total,target,latent,decoded,physiological,weighted_target,weighted_latent,weighted_decoded,weighted_physiological,decoded_joint,target_confidence_component,target_focal_component,target_vc_component,target_vc_latent_posterior_kl,target_vc_discriminator_kl,target_vc_class_prior_kl,typicality,discrepancy,weighted_typicality,predicted_class,target_probability,success,probability_0,probability_1,gradient_norm,typicality_threshold,typical,optimization_success,decoded_valid,decoder_latent_rmse,d_z,decoded_joint_target_probability,decoded_joint_predicted_class,delta_dec_joint,selected_step_so_far
0,confidence,original_reconstruction,0.01,0.5250679850578308,0.5250679850578308,0.0,0.0,7.227906703948975,0.5250679850578308,0.0,0.0,0.0,0.0,0.5250679850578308,0.7882974743843079,0.0,0.0,0.0,0.0,0.0,0.14943242073059082,0.0,0,0.4732121527194977,False,0.5267878174781799,0.4732121527194977,0.8734296560287476,0.678627684362383,True,False,True,0.0,0.0,0.590557873249054,1,0.0,0
1,confidence,original_reconstruction,0.01,0.10765407979488373,0.10765399038791656,6.340830509543594e-07,2.1088224855247972e-07,7.225503444671631,0.10765399038791656,6.340830793760688e-08,2.1088224499976604e-08,0.0,2.1088224855247972e-07,0.10765399038791656,0.18633785843849182,0.0,0.0,0.0,0.0,0.0,0.14919650554656982,0.0,1,0.7183505892753601,False,0.2816494405269623,0.7183505892753601,0.45584872364997864,0.678627684362383,True,False,True,0.0007962933159433305,0.015774691477417946,0.589959979057312,1,0.00045921915443614125,1
2,confidence,original_reconstruction,0.01,3.1350757012660324e-07,0.0,2.3095285541785415e-06,8.255469765572343e-07,7.224389553070068,0.0,2.3095286394436698e-07,8.25546990768089e-08,0.0,8.255469765572343e-07,0.0,0.03912867233157158,0.0,0.0,0.0,0.0,0.0,0.14890645444393158,0.0,1,0.8650469779968262,True,0.1349530667066574,0.8650469779968262,8.463023846161377e-07,0.678627684362383,True,True,True,0.0015197133179754019,0.029778148978948593,0.5906131863594055,1,0.000908596150111407,2
3,confidence,original_reconstruction,0.01,5.9389316220404e-07,0.0,4.334859568189131e-06,1.6040722812249442e-06,7.222956657409668,0.0,4.334859511345712e-07,1.6040722528032347e-07,0.0,1.6040722812249442e-06,0.0,0.01173639576882124,0.0,0.0,0.0,0.0,0.0,0.14864076673984528,0.0,1,0.924867570400238,True,0.07513237744569778,0.924867570400238,1.1758208984247176e-06,0.678627684362383,True,True,True,0.0020820326171815395,0.03987612575292587,0.5913471579551697,1,0.0012665197718888521,2
4,confidence,original_reconstruction,0.01,8.915887974580983e-07,0.0,6.468143055826658e-06,2.4477444640069734e-06,7.2214226722717285,0.0,6.468143283200334e-07,2.4477444071635546e-07,0.0,2.4477444640069734e-06,0.0,0.0046216221526265144,0.0,0.0,0.0,0.0,0.0,0.14841008186340332,0.0,1,0.9525079727172852,True,0.047492098063230515,0.9525079727172852,1.4418769751500804e-06,0.678627684362383,True,True,True,0.002543254289776087,0.04756924510002136,0.5919683575630188,1,0.0015645269304513931,2
5,confidence,original_reconstruction,0.01,1.191417595691746e-06,0.0,8.604210961493663e-06,3.309965222797473e-06,7.219671726226807,0.0,8.604210961493663e-07,3.309965279640892e-07,0.0,3.309965222797473e-06,0.0,0.002213421743363142,0.0,0.0,0.0,0.0,0.0,0.14820997416973114,0.0,1,0.9670097827911377,True,0.032990191131830215,0.9670097827911377,1.6677746543791727e-06,0.678627684362383,True,True,True,0.0029332933481782675,0.05366180092096329,0.5924510955810547,1,0.0018193309661000967,2
6,confidence,original_reconstruction,0.01,1.4852209915261483e-06,0.0,1.0689861483115237e-05,4.162348432146246e-06,7.217807769775391,0.0,1.0689861937862588e-06,4.1623485458330833e-07,0.0,4.162348432146246e-06,0.0,0.0012226224644109607,0.0,0.0,0.0,0.0,0.0,0.1480349749326706,0.0,1,0.9754282832145691,True,0.024571681395173073,0.9754282832145691,1.8657691498447093e-06,0.678627684362383,True,True,True,0.003269535256549716,0.05861903727054596,0.5927071571350098,1,0.0020401834044605494,2
7,confidence,original_reconstruction,0.01,1.7683740907159518e-06,0.0,1.2696416888502426e-05,4.987323336536065e-06,7.216249465942383,0.0,1.2696417570623453e-06,4.987323336536065e-07,0.0,4.987323336536065e-06,0.0,0.0007513615419156849,0.0,0.0,0.0,0.0,0.0,0.14788399636745453,0.0,1,0.9807115197181702,True,0.019288446754217148,0.9807115197181702,2.047583166131517e-06,0.678627684362383,True,True,True,0.00356320315040648,0.06273017078638077,0.5929078459739685,1,0.002233231673017144,2
8,confidence,original_reconstruction,0.01,2.038985940089333e-06,0.0,1.460838939237874e-05,5.781469553767238e-06,7.214690685272217,0.0,1.4608389165005065e-06,5.781469667454076e-07,0.0,5.781469553767238e-06,0.0,0.0005010038148611784,0.0,0.0,0.0,0.0,0.0,0.14775115251541138,0.0,1,0.984235405921936,True,0.015764541923999786,0.984235405921936,2.2033273125998676e-06,0.678627684362383,True,True,True,0.0038220921996980906,0.06619765609502792,0.5932245254516602,1,0.002404468599706888,2
9,confidence,original_reconstruction,0.01,2.2945278033148497e-06,0.0,1.6417954611824825e-05,6.527322057081619e-06,7.21336555480957,0.0,1.6417955066572176e-06,6.527322398142132e-07,0.0,6.527322057081619e-06,0.0,0.0003557151067070663,0.0,0.0,0.0,0.0,0.0,0.14763447642326355,0.0,1,0.9867081642150879,True,0.013291887938976288,0.9867081642150879,2.335764747840585e-06,0.678627684362383,True,True,True,0.004051907453685999,0.06915871053934097,0.5934582948684692,1,0.002554862527176738,2
10,confidence,original_reconstruction,0.01,2.5348247163492488e-06,0.0,1.8122005712939426e-05,7.2262414505530614e-06,7.211947441101074,0.0,1.8122005940313102e-06,7.226241791613575e-07,0.0,7.2262414505530614e-06,0.0,0.00026545263244770467,0.0,0.0,0.0,0.0,0.0,0.1475296914577484,0.0,1,0.9885125160217285,True,0.011487510986626148,0.9885125160217285,2.4574060262239072e-06,0.678627684362383,True,True,True,0.004256994929164648,0.07172545045614243,0.5936792492866516,1,0.002688166918233037,2
11,confidence,original_reconstruction,0.01,2.7596593099588063e-06,0.0,1.9720426280400716e-05,7.876167728682049e-06,7.210856914520264,0.0,1.9720425825653365e-06,7.876167842368886e-07,0.0,7.876167728682049e-06,0.0,0.00020673756080213934,0.0,0.0,0.0,0.0,0.0,0.14743846654891968,0.0,1,0.9898588061332703,True,0.010141204111278057,0.9898588061332703,2.556334948167205e-06,0.678627684362383,True,True,True,0.004440768621861935,0.07394423335790634,0.5937362909317017,1,0.0028064509388059378,2
12,confidence,original_reconstruction,0.01,2.9694574550376274e-06,0.0,2.1215057131485082e-05,8.47951650939649e-06,7.209835052490234,0.0,2.1215057586232433e-06,8.479516395709652e-07,0.0,8.47951650939649e-06,0.0,0.00016645349387545139,0.0,0.0,0.0,0.0,0.0,0.14735673367977142,0.0,1,0.9908979535102844,True,0.009102074429392815,0.9908979535102844,2.6483451165404404e-06,0.678627684362383,True,True,True,0.0046059805899858475,0.07588261365890503,0.5940233469009399,1,0.0029119609389454126,2
13,confidence,original_reconstruction,0.01,3.164429017488146e-06,0.0,2.260898872918915e-05,9.035298717208207e-06,7.20896577835083,0.0,2.2608990093431203e-06,9.035298944581882e-07,0.0,9.035298717208207e-06,0.0,0.00013782602036371827,0.0,0.0,0.0,0.0,0.0,0.14728334546089172,0.0,1,0.9917158484458923,True,0.0082841282710433,0.9917158484458923,2.727592573137372e-06,0.678627684362383,True,True,True,0.004754891153424978,0.07759695500135422,0.5939423441886902,1,0.0030058773700147867,2
14,confidence,original_reconstruction,0.01,3.345704726598342e-06,0.0,2.3906133719719946e-05,9.550913091516122e-06,7.208011627197266,0.0,2.3906134174467297e-06,9.550913091516122e-07,0.0,9.550913091516122e-06,0.0,0.00011678992450470105,0.0,0.0,0.0,0.0,0.0,0.14721627533435822,0.0,1,0.9923729300498962,True,0.00762708717957139,0.9923729300498962,2.790429789456539e-06,0.678627684362383,True,True,True,0.004889389965683222,0.07910875976085663,0.594190776348114,1,0.0030904551967978477,2
15,confidence,original_reconstruction,0.01,3.512827788654249e-06,0.0,2.5110886781476438e-05,1.0017390195571352e-05,7.207136631011963,0.0,2.511088723622379e-06,1.0017390650318703e-06,0.0,1.0017390195571352e-05,0.0,0.00010094804019900039,0.0,0.0,0.0,0.0,0.0,0.14715759456157684,0.0,1,0.9929081201553345,True,0.007091873791068792,0.9929081201553345,2.8390570605552057e-06,0.678627684362383,True,True,True,0.005011076107621193,0.08044975250959396,0.5943857431411743,1,0.0031650259625166655,2
16,confidence,original_reconstruction,0.01,3.6671219731942983e-06,0.0,2.6227948183077388e-05,1.0443270184623543e-05,7.206208229064941,0.0,2.622794909257209e-06,1.0443270639370894e-06,0.0,1.0443270184623543e-05,0.0,8.88133145053871e-05,0.0,0.0,0.0,0.0,0.0,0.14710360765457153,0.0,1,0.9933472871780396,True,0.00665269885212183,0.9933472871780396,2.8970325729460455e-06,0.678627684362383,True,True,True,0.005121322814375162,0.08164530992507935,0.5944942831993103,1,0.003231604816392064,2
17,confidence,original_reconstruction,0.01,3.8097837204986718e-06,0.0,2.7262140065431595e-05,1.083569532056572e-05,7.205465316772461,0.0,2.7262140065431595e-06,1.0835696002686745e-06,0.0,1.083569532056572e-05,0.0,7.930299761937931e-05,0.0,0.0,0.0,0.0,0.0,0.14705663919448853,0.0,1,0.9937129616737366,True,0.006287041585892439,0.9937129616737366,2.948160044979886e-06,0.678627684362383,True,True,True,0.005221315659582615,0.08270813524723053,0.5945567488670349,1,0.0032917617354542017,2
18,confidence,original_reconstruction,0.01,3.940108399547171e-06,0.0,2.8218302759341896e-05,1.1182782145624515e-05,7.204797744750977,0.0,2.8218303214089246e-06,1.118278191825084e-06,0.0,1.1182782145624515e-05,0.0,7.159814413171262e-05,0.0,0.0,0.0,0.0,0.0,0.14701171219348907,0.0,1,0.994025707244873,True,0.005974255967885256,0.994025707244873,2.9931848075648304e-06,0.678627684362383,True,True,True,0.005312090273946524,0.08366987854242325,0.5944574475288391,1,0.003344066673889756,2
19,confidence,original_reconstruction,0.01,4.060038918396458e-06,0.0,2.910122748289723e-05,1.149916170106735e-05,7.204092025756836,0.0,2.910122702814988e-06,1.1499162155814702e-06,0.0,1.149916170106735e-05,0.0,6.543794006574899e-05,0.0,0.0,0.0,0.0,0.0,0.1469731330871582,0.0,1,0.9942881464958191,True,0.0057119326665997505,0.9942881464958191,3.031986580026569e-06,0.678627684362383,True,True,True,0.005394555162638426,0.0845206156373024,0.5945733189582825,1,0.0033910414204001427,2
20,confidence,original_reconstruction,0.01,4.169861313130241e-06,0.0,2.9915587219875306e-05,1.1783025001932401e-05,7.203383922576904,0.0,2.991558858411736e-06,1.1783025684053428e-06,0.0,1.1783025001932401e-05,0.0,6.0402959206840023e-05,0.0,0.0,0.0,0.0,0.0,0.1469373255968094,0.0,1,0.9945119619369507,True,0.005488064605742693,0.9945119619369507,3.0640273962490028e-06,0.678627684362383,True,True,True,0.0054695140570402145,0.08529001474380493,0.5947921872138977,1,0.003432641038671136,2
21,confidence,original_reconstruction,0.01,4.270927092875354e-06,0.0,3.066591307288036e-05,1.2043356036883779e-05,7.202819347381592,0.0,3.0665912618133007e-06,1.2043356036883779e-06,0.0,1.2043356036883779e-05,0.0,5.616782436845824e-05,0.0,0.0,0.0,0.0,0.0,0.14690427482128143,0.0,1,0.9947075843811035,True,0.005292448215186596,0.9947075843811035,3.0899577723175753e-06,0.678627684362383,True,True,True,0.0055376808159053326,0.08598817139863968,0.5949006080627441,1,0.0034703537821769714,2
22,confidence,original_reconstruction,0.01,4.3624222598737106e-06,0.0,3.135655424557626e-05,1.2267667443666141e-05,7.2021942138671875,0.0,3.1356555609818315e-06,1.2267668125787168e-06,0.0,1.2267667443666141e-05,0.0,5.2651437727035955e-05,0.0,0.0,0.0,0.0,0.0,0.1468764841556549,0.0,1,0.9948757290840149,True,0.005124263931065798,0.9948757290840149,3.1122935979510657e-06,0.678627684362383,True,True,True,0.005599692463874817,0.08661069720983505,0.5947793126106262,1,0.003502523060888052,2
23,confidence,original_reconstruction,0.01,4.446163984539453e-06,0.0,3.199166530976072e-05,1.246997453563381e-05,7.201663970947266,0.0,3.199166485501337e-06,1.246997499038116e-06,0.0,1.246997453563381e-05,0.0,4.9697897338774055e-05,0.0,0.0,0.0,0.0,0.0,0.14684925973415375,0.0,1,0.9950213432312012,True,0.004978678189218044,0.9950213432312012,3.131829998892499e-06,0.678627684362383,True,True,True,0.00565611757338047,0.08717207610607147,0.5948123931884766,1,0.003531285095959902,2
24,confidence,original_reconstruction,0.01,4.52204403700307e-06,0.0,3.257519347243942e-05,1.2645245078601874e-05,7.201186180114746,0.0,3.2575194381934125e-06,1.26452448512282e-06,0.0,1.2645245078601874e-05,0.0,4.7118141083046794e-05,0.0,0.0,0.0,0.0,0.0,0.14682435989379883,0.0,1,0.9951521158218384,True,0.0048479074612259865,0.9951521158218384,3.1499737360718427e-06,0.678627684362383,True,True,True,0.005707468371838331,0.08768760412931442,0.5949466228485107,1,0.0035560152027755976,2
25,confidence,original_reconstruction,0.01,4.5912065615993924e-06,0.0,3.311088221380487e-05,1.2801182492694352e-05,7.200700283050537,0.0,3.311088221380487e-06,1.2801182265320676e-06,0.0,1.2801182492694352e-05,0.0,4.497842746786773e-05,0.0,0.0,0.0,0.0,0.0,0.14680379629135132,0.0,1,0.9952633380889893,True,0.004736677277833223,0.9952633380889893,3.1666550057707354e-06,0.678627684362383,True,True,True,0.005754205398261547,0.0881468802690506,0.5949264168739319,1,0.003577874042093754,2
26,confidence,original_reconstruction,0.01,4.653751602745615e-06,0.0,3.360226401127875e-05,1.2935252925672103e-05,7.200300693511963,0.0,3.360226401127875e-06,1.2935253153045778e-06,0.0,1.2935252925672103e-05,0.0,4.311220982344821e-05,0.0,0.0,0.0,0.0,0.0,0.14678314328193665,0.0,1,0.9953625202178955,True,0.0046374863013625145,0.9953625202178955,3.169954425175092e-06,0.678627684362383,True,True,True,0.005796745885163546,0.08856317400932312,0.5949135422706604,1,0.003596561262384057,2
27,confidence,original_reconstruction,0.01,4.710551820608089e-06,0.0,3.405265306355432e-05,1.3052864233031869e-05,7.199977874755859,0.0,3.4052652608806966e-06,1.3052864460405544e-06,0.0,1.3052864233031869e-05,0.0,4.14980822824873e-05,0.0,0.0,0.0,0.0,0.0,0.14676529169082642,0.0,1,0.9954500794410706,True,0.004549889359623194,0.9954500794410706,3.1787878924660617e-06,0.678627684362383,True,True,True,0.005835465155541897,0.08894026279449463,0.5948638916015625,1,0.003612874774262309,2
28,confidence,original_reconstruction,0.01,4.762140179082053e-06,0.0,3.446516711846925e-05,1.3156235581845976e-05,7.199543476104736,0.0,3.4465167573216604e-06,1.31562353544723e-06,0.0,1.3156235581845976e-05,0.0,4.008436735603027e-05,0.0,0.0,0.0,0.0,0.0,0.14674818515777588,0.0,1,0.9955281615257263,True,0.004471881780773401,0.9955281615257263,3.183834905939875e-06,0.678627684362383,True,True,True,0.00587070407345891,0.0892820879817009,0.5947774648666382,1,0.0036271524149924517,2
29,confidence,original_reconstruction,0.01,4.8081064960570075e-06,0.0,3.4842712921090424e-05,1.3238351129984949e-05,7.199142932891846,0.0,3.4842712466343073e-06,1.3238351357358624e-06,0.0,1.3238351129984949e-05,0.0,3.882233795593493e-05,0.0,0.0,0.0,0.0,0.0,0.14673350751399994,0.0,1,0.9955990314483643,True,0.004400950390845537,0.9955990314483643,3.1913887141854502e-06,0.678627684362383,True,True,True,0.00590277137234807,0.0895996168255806,0.5948601961135864,1,0.003638454480096698,2
30,confidence,original_reconstruction,0.01,4.8498659452889115e-06,0.0,3.518802623148076e-05,1.3310630492924247e-05,7.19890022277832,0.0,3.5188027140975464e-06,1.3310631175045273e-06,0.0,1.3310630492924247e-05,0.0,3.775492950808257e-05,0.0,0.0,0.0,0.0,0.0,0.14672040939331055,0.0,1,0.9956598877906799,True,0.00434006517753005,0.9956598877906799,3.1981121537683066e-06,0.678627684362383,True,True,True,0.005931949708610773,0.08987120538949966,0.5949668884277344,1,0.0036483737640082836,2
31,confidence,original_reconstruction,0.01,4.887845534540247e-06,0.0,3.55036354449112e-05,1.3374818081501871e-05,7.198550224304199,0.0,3.5503635444911197e-06,1.3374818763622898e-06,0.0,1.3374818081501871e-05,0.0,3.6795681808143854e-05,0.0,0.0,0.0,0.0,0.0,0.14670753479003906,0.0,1,0.995715320110321,True,0.004284703638404608,0.995715320110321,3.1987881357053993e-06,0.678627684362383,True,True,True,0.0059584928676486015,0.09012959152460098,0.595029354095459,1,0.0036571596283465624,2
32,confidence,original_reconstruction,0.01,4.921002982882783e-06,0.0,3.579190524760634e-05,1.3418122762232088e-05,7.198291778564453,0.0,3.579190661184839e-06,1.3418123216979438e-06,0.0,1.3418122762232088e-05,0.0,3.5951059544458985e-05,0.0,0.0,0.0,0.0,0.0,0.14669649302959442,0.0,1,0.9957647323608398,True,0.0042352862656116486,0.9957647323608398,3.2018688216339797e-06,0.678627684362383,True,True,True,0.005982633680105209,0.09036335349082947,0.5949227213859558,1,0.0036630756221711636,2
33,confidence,original_reconstruction,0.01,4.951747541781515e-06,0.0,3.6055022064829245e-05,1.3462454262480605e-05,7.198109149932861,0.0,3.6055023429071298e-06,1.3462454262480605e-06,0.0,1.3462454262480605e-05,0.0,3.519552046782337e-05,0.0,0.0,0.0,0.0,0.0,0.14668592810630798,0.0,1,0.9958094358444214,True,0.004190605133771896,0.9958094358444214,3.2054479106591316e-06,0.678627684362383,True,True,True,0.006004583556205034,0.09056726098060608,0.5949907302856445,1,0.0036691217683255672,2
34,confidence,original_reconstruction,0.01,4.978281594958389e-06,0.0,3.629503044066951e-05,1.3487786418409087e-05,7.197899341583252,0.0,3.6295029985922156e-06,1.3487787100530113e-06,0.0,1.3487786418409087e-05,0.0,3.454284887993708e-05,0.0,0.0,0.0,0.0,0.0,0.1466769576072693,0.0,1,0.9958484172821045,True,0.004151531495153904,0.9958484172821045,3.2064888273453107e-06,0.678627684362383,True,True,True,0.006024535745382309,0.09075867384672165,0.594950258731842,1,0.003672572085633874,2
35,confidence,original_reconstruction,0.01,5.002315901947441e-06,0.0,3.6513803934212774e-05,1.350935417576693e-05,7.197653293609619,0.0,3.6513804388960125e-06,1.350935463051428e-06,0.0,1.350935417576693e-05,0.0,3.394477244000882e-05,0.0,0.0,0.0,0.0,0.0,0.14666834473609924,0.0,1,0.9958844780921936,True,0.004115477669984102,0.9958844780921936,3.2082666621136013e-06,0.678627684362383,True,True,True,0.006042665336281061,0.09093625098466873,0.5950863361358643,1,0.0036755073815584183,2
36,confidence,original_reconstruction,0.01,5.023485755373258e-06,0.0,3.671310332720168e-05,1.3521754226530902e-05,7.197546005249023,0.0,3.671310423669638e-06,1.3521754453904578e-06,0.0,1.3521754226530902e-05,0.0,3.3407803130103275e-05,0.0,0.0,0.0,0.0,0.0,0.14666084945201874,0.0,1,0.9959171414375305,True,0.004082836676388979,0.9959171414375305,3.2055095289251767e-06,0.678627684362383,True,True,True,0.006059133913367987,0.09109728038311005,0.5950330495834351,1,0.0036771937739104033,2
37,confidence,original_reconstruction,0.01,5.0423896027496085e-06,0.0,3.6894525692332536e-05,1.3529367606679443e-05,7.197414398193359,0.0,3.6894525692332536e-06,1.3529368061426794e-06,0.0,1.3529367606679443e-05,0.0,3.2944593840511516e-05,0.0,0.0,0.0,0.0,0.0,0.14665327966213226,0.0,1,0.9959455132484436,True,0.00405455008149147,0.9959455132484436,3.199744242010638e-06,0.678627684362383,True,True,True,0.006074086297303438,0.0912368893623352,0.5950348377227783,1,0.0036782289389520884,2
38,confidence,original_reconstruction,0.01,5.05906791659072e-06,0.0,3.705957351485267e-05,1.3531105651054531e-05,7.197326183319092,0.0,3.7059573969600024e-06,1.3531106333175558e-06,0.0,1.3531105651054531e-05,0.0,3.2511470635654405e-05,0.0,0.0,0.0,0.0,0.0,0.14664718508720398,0.0,1,0.995972216129303,True,0.004027742426842451,0.995972216129303,3.1976217087503755e-06,0.678627684362383,True,True,True,0.006087657529860735,0.09136795997619629,0.5951359868049622,1,0.0036784650292247534,2
39,confidence,original_reconstruction,0.01,5.07402137372992e-06,0.0,3.720960739883594e-05,1.3530606338463258e-05,7.197242736816406,0.0,3.7209608763077995e-06,1.3530606111089583e-06,0.0,1.3530606338463258e-05,0.0,3.2139840186573565e-05,0.0,0.0,0.0,0.0,0.0,0.1466417908668518,0.0,1,0.995995283126831,True,0.004004670772701502,0.995995283126831,3.1925503662932897e-06,0.678627684362383,True,True,True,0.006099967751652002,0.09148317575454712,0.5951378345489502,1,0.00367839727550745,2
40,confidence,original_reconstruction,0.01,5.0866519814007916e-06,0.0,3.734589336090721e-05,1.3520627362595405e-05,7.197113513946533,0.0,3.7345894270401914e-06,1.3520627817342756e-06,0.0,1.3520627362595405e-05,0.0,3.179120903951116e-05,0.0,0.0,0.0,0.0,0.0,0.146635964512825,0.0,1,0.9960170388221741,True,0.003982971888035536,0.9960170388221741,3.187838728990755e-06,0.678627684362383,True,True,True,0.006111128255724907,0.09159363806247711,0.5950716137886047,1,0.003677040571346879,2
41,confidence,original_reconstruction,0.01,5.097369921713835e-06,0.0,3.746960646822117e-05,1.3504092748917174e-05,7.1970038414001465,0.0,3.746960601347382e-06,1.3504093203664524e-06,0.0,1.3504092748917174e-05,0.0,3.148175164824352e-05,0.0,0.0,0.0,0.0,0.0,0.14663127064704895,0.0,1,0.9960364699363708,True,0.003963527735322714,0.9960364699363708,3.183081162205781e-06,0.678627684362383,True,True,True,0.006121241953223944,0.09169533103704453,0.5951763987541199,1,0.0036747914273291826,2
42,confidence,original_reconstruction,0.01,5.106644948682515e-06,0.0,3.75818126485683e-05,1.3484637747751549e-05,7.196953773498535,0.0,3.7581812648568302e-06,1.3484637975125224e-06,0.0,1.3484637747751549e-05,0.0,3.120434848824516e-05,0.0,0.0,0.0,0.0,0.0,0.1466270536184311,0.0,1,0.99605393409729,True,0.003946096636354923,0.99605393409729,3.1755985219206195e-06,0.678627684362383,True,True,True,0.006130400579422712,0.09178203344345093,0.5950771570205688,1,0.003672143444418907,2
43,confidence,original_reconstruction,0.01,5.115191470395075e-06,0.0,3.768349051824771e-05,1.346842236671364e-05,7.196892738342285,0.0,3.768349188248976e-06,1.346842282146099e-06,0.0,1.346842236671364e-05,0.0,3.0963266908656806e-05,0.0,0.0,0.0,0.0,0.0,0.14662334322929382,0.0,1,0.9960691928863525,True,0.003930742386728525,0.9960691928863525,3.171470780216623e-06,0.678627684362383,True,True,True,0.006138687953352928,0.09186313301324844,0.5953271389007568,1,0.0036699348129332066,2
44,confidence,original_reconstruction,0.01,5.121958565723617e-06,0.0,3.777555320993997e-05,1.3444033356790897e-05,7.1967949867248535,0.0,3.777555320993997e-06,1.3444033584164572e-06,0.0,1.3444033356790897e-05,0.0,3.074550841120072e-05,0.0,0.0,0.0,0.0,0.0,0.14661887288093567,0.0,1,0.9960830211639404,True,0.003916906658560038,0.9960830211639404,3.1663682875660015e-06,0.678627684362383,True,True,True,0.006146181840449572,0.09193453192710876,0.5951617360115051,1,0.0036666104570031166,2
45,confidence,original_reconstruction,0.01,5.1278707360324915e-06,0.0,3.78588265448343e-05,1.3419880815490615e-05,7.196808338165283,0.0,3.78588265448343e-06,1.3419880815490615e-06,0.0,1.3419880815490615e-05,0.0,3.055780325667001e-05,0.0,0.0,0.0,0.0,0.0,0.14661595225334167,0.0,1,0.9960950016975403,True,0.0039049882907420397,0.9960950016975403,3.160897904308513e-06,0.678627684362383,True,True,True,0.006152952555567026,0.09199686348438263,0.5952039957046509,1,0.003663315437734127,2
46,confidence,original_reconstruction,0.01,5.132864316692576e-06,0.0,3.793407086050138e-05,1.3394571396929678e-05,7.196773529052734,0.0,3.793407131524873e-06,1.3394571851677028e-06,0.0,1.3394571396929678e-05,0.0,3.03674260067055e-05,0.0,0.0,0.0,0.0,0.0,0.14661341905593872,0.0,1,0.9961071610450745,True,0.0038927807472646236,0.9961071610450745,3.155522335873684e-06,0.678627684362383,True,True,True,0.00615906435996294,0.09205693006515503,0.5951727628707886,1,0.003659859299659729,2
47,confidence,original_reconstruction,0.01,5.137108473718399e-06,0.0,3.8001988286850974e-05,1.3369098269322421e-05,7.196741104125977,0.0,3.8001987832103623e-06,1.3369098041948746e-06,0.0,1.3369098269322421e-05,0.0,3.0203067581169307e-05,0.0,0.0,0.0,0.0,0.0,0.14661097526550293,0.0,1,0.9961177110671997,True,0.003882263321429491,0.9961177110671997,3.152077624690719e-06,0.678627684362383,True,True,True,0.006164575461298227,0.09211075305938721,0.5952848792076111,1,0.003656377550214529,2
48,confidence,original_reconstruction,0.01,5.139987479196861e-06,0.0,3.806322274613194e-05,1.3336652045836672e-05,7.196731090545654,0.0,3.8063224110373994e-06,1.3336651818462997e-06,0.0,1.3336652045836672e-05,0.0,3.004468817380257e-05,0.0,0.0,0.0,0.0,0.0,0.14660847187042236,0.0,1,0.9961279034614563,True,0.0038720679003745317,0.9961279034614563,3.1457568638870725e-06,0.678627684362383,True,True,True,0.006169539876282215,0.09215858578681946,0.5952628254890442,1,0.0036519381683319807,2
49,confidence,original_reconstruction,0.01,5.142451300343964e-06,0.0,3.811833812505938e-05,1.3306174878380261e-05,7.196693420410156,0.0,3.8118339489301434e-06,1.3306174651006586e-06,0.0,1.3306174878380261e-05,0.0,2.9909268050687388e-05,0.0,0.0,0.0,0.0,0.0,0.14660632610321045,0.0,1,0.9961366057395935,True,0.0038633670192211866,0.9961366057395935,3.1388108254759572e-06,0.678627684362383,True,True,True,0.006174005102366209,0.0922042578458786,0.5953786373138428,1,0.0036477630492299795,2
50,confidence,original_reconstruction,0.01,5.143961061548907e-06,0.0,3.81679019483272e-05,1.3271703210193664e-05,7.196645736694336,0.0,3.81679046768113e-06,1.3271703664941015e-06,0.0,1.3271703210193664e-05,0.0,2.979389319079928e-05,0.0,0.0,0.0,0.0,0.0,0.14660413563251495,0.0,1,0.9961440563201904,True,0.0038558871019631624,0.9961440563201904,3.132903202640591e-06,0.678627684362383,True,True,True,0.00617801770567894,0.09224919974803925,0.5954226851463318,1,0.0036430349573493004,2
51,confidence,original_reconstruction,0.01,5.145141130924458e-06,0.0,3.821237260126509e-05,1.3239036888990086e-05,7.196671962738037,0.0,3.821237442025449e-06,1.3239036888990086e-06,0.0,1.3239036888990086e-05,0.0,2.9678740247618407e-05,0.0,0.0,0.0,0.0,0.0,0.14660149812698364,0.0,1,0.9961515069007874,True,0.0038485098630189896,0.9961515069007874,3.128233856841689e-06,0.678627684362383,True,True,True,0.006181615404784679,0.09228798002004623,0.59550541639328,1,0.0036385487765073776,2
52,confidence,original_reconstruction,0.01,5.1455022003210615e-06,0.0,3.825221938313916e-05,1.320280171057675e-05,7.196625709533691,0.0,3.825221938313916e-06,1.3202801483203075e-06,0.0,1.320280171057675e-05,0.0,2.958165350719355e-05,0.0,0.0,0.0,0.0,0.0,0.1465999186038971,0.0,1,0.9961578249931335,True,0.0038421384524554014,0.9961578249931335,3.122031785096624e-06,0.678627684362383,True,True,True,0.006184837780892849,0.09232164174318314,0.5954704880714417,1,0.003633565967902541,2
53,confidence,original_reconstruction,0.01,5.145227987668477e-06,0.0,3.828784610959701e-05,1.3164431038603652e-05,7.196637153625488,0.0,3.828784883808112e-06,1.3164431038603652e-06,0.0,1.3164431038603652e-05,0.0,2.9487009669537656e-05,0.0,0.0,0.0,0.0,0.0,0.14659805595874786,0.0,1,0.9961639642715454,True,0.0038360406178981066,0.9961639642715454,3.1154190764937084e-06,0.678627684362383,True,True,True,0.00618771743029356,0.09235670417547226,0.5954264402389526,1,0.0036282821092754602,2
54,confidence,original_reconstruction,0.01,5.144812803337118e-06,0.0,3.831962385447696e-05,1.3128502359904815e-05,7.19654655456543,0.0,3.831962658296106e-06,1.312850258727849e-06,0.0,1.3128502359904815e-05,0.0,2.94034653052222e-05,0.0,0.0,0.0,0.0,0.0,0.1465970277786255,0.0,1,0.99616938829422,True,0.003830651054158807,0.99616938829422,3.1095551094040275e-06,0.678627684362383,True,True,True,0.006190284620970488,0.09238409996032715,0.5954760313034058,1,0.003623327473178506,2
55,confidence,original_reconstruction,0.01,5.14422936248593e-06,0.0,3.8347898225765675e-05,1.3094392670609523e-05,7.196498394012451,0.0,3.8347898225765675e-06,1.3094393125356873e-06,0.0,1.3094392670609523e-05,0.0,2.9327331503736787e-05,0.0,0.0,0.0,0.0,0.0,0.14659586548805237,0.0,1,0.9961743354797363,True,0.0038256756961345673,0.9961743354797363,3.1037850476423046e-06,0.678627684362383,True,True,True,0.0061925677582621574,0.09241054207086563,0.5954466462135315,1,0.0036186175420880318,2
56,confidence,original_reconstruction,0.01,5.1430670282570645e-06,0.0,3.837297481368296e-05,1.3057690921414178e-05,7.196540355682373,0.0,3.837297754216706e-06,1.3057691603535204e-06,0.0,1.3057690921414178e-05,0.0,2.9272681786096655e-05,0.0,0.0,0.0,0.0,0.0,0.1465950310230255,0.0,1,0.9961779117584229,True,0.003822130151093006,0.9961779117584229,3.098375373156159e-06,0.678627684362383,True,True,True,0.0061945924535393715,0.09243348240852356,0.5955072641372681,1,0.003613542765378952,2
57,confidence,original_reconstruction,0.01,5.14147450303426e-06,0.0,3.8395144656533375e-05,1.3019599464314524e-05,7.196556091308594,0.0,3.839514647552278e-06,1.30195996916882e-06,0.0,1.3019599464314524e-05,0.0,2.9221720978966914e-05,0.0,0.0,0.0,0.0,0.0,0.14659404754638672,0.0,1,0.9961812496185303,True,0.0038187906611710787,0.9961812496185303,3.0916123705537757e-06,0.678627684362383,True,True,True,0.006196381524205208,0.09244891256093979,0.5954741835594177,1,0.0036082682199776173,2
58,confidence,original_reconstruction,0.01,5.139671429787995e-06,0.0,3.8414658774854615e-05,1.2982054613530636e-05,7.196572303771973,0.0,3.841465968434932e-06,1.2982054613530636e-06,0.0,1.2982054613530636e-05,0.0,2.9167627872084267e-05,0.0,0.0,0.0,0.0,0.0,0.14659345149993896,0.0,1,0.996184766292572,True,0.0038151931948959827,0.996184766292572,3.0857765977998497e-06,0.678627684362383,True,True,True,0.006197955925017595,0.09246648102998734,0.5954870581626892,1,0.003603061893954873,2
59,confidence,original_reconstruction,0.01,5.13787335876259e-06,0.0,3.8431760913226753e-05,1.2946969945915043e-05,7.196597576141357,0.0,3.843176273221616e-06,1.2946969718541368e-06,0.0,1.2946969945915043e-05,0.0,2.9111311960150488e-05,0.0,0.0,0.0,0.0,0.0,0.14659219980239868,0.0,1,0.9961884617805481,True,0.003811570815742016,0.9961884617805481,3.080141141253989e-06,0.678627684362383,True,True,True,0.006199335679411888,0.09248972684144974,0.5955880880355835,1,0.003598189912736416,2
60,confidence,original_reconstruction,0.01,5.13573422722402e-06,0.0,3.8446669350378215e-05,1.2910672012367286e-05,7.19655179977417,0.0,3.8446669350378215e-06,1.291067178499361e-06,0.0,1.2910672012367286e-05,0.0,2.9068203730275854e-05,0.0,0.0,0.0,0.0,0.0,0.1465911567211151,0.0,1,0.9961912631988525,True,0.0038086744025349617,0.9961912631988525,3.074572532568709e-06,0.678627684362383,True,True,True,0.006200538016855717,0.09250245988368988,0.5954925417900085,1,0.0035931423772126436,2
61,confidence,original_reconstruction,0.01,5.133497779752361e-06,0.0,3.845957326120697e-05,1.2875401807832532e-05,7.196570873260498,0.0,3.845957508019637e-06,1.2875401580458856e-06,0.0,1.2875401807832532e-05,0.0,2.9026488846284337e-05,0.0,0.0,0.0,0.0,0.0,0.14659032225608826,0.0,1,0.9961940050125122,True,0.0038059833459556103,0.9961940050125122,3.0687876915180823e-06,0.678627684362383,True,True,True,0.006201578304171562,0.09251496940851212,0.5955476760864258,1,0.003588231047615409,2
62,confidence,original_reconstruction,0.01,5.130956651555607e-06,0.0,3.847065454465337e-05,1.2838907423429191e-05,7.196599006652832,0.0,3.847065727313748e-06,1.2838908105550217e-06,0.0,1.2838907423429191e-05,0.0,2.898117782024201e-05,0.0,0.0,0.0,0.0,0.0,0.1465897262096405,0.0,1,0.996196985244751,True,0.0038030052091926336,0.996196985244751,3.0632418202003464e-06,0.678627684362383,True,True,True,0.0062024714425206184,0.09252817928791046,0.5956358909606934,1,0.0035831420682370663,2
63,confidence,original_reconstruction,0.01,5.1282113417983055e-06,0.0,3.848007327178493e-05,1.280203832720872e-05,7.196662425994873,0.0,3.8480075090774335e-06,1.280203832720872e-06,0.0,1.280203832720872e-05,0.0,2.8952652428415604e-05,0.0,0.0,0.0,0.0,0.0,0.14658907055854797,0.0,1,0.996198832988739,True,0.0038011271972209215,0.996198832988739,3.057668436667882e-06,0.678627684362383,True,True,True,0.006203230936080217,0.09254030883312225,0.5957075953483582,1,0.0035779934842139482,2
64,confidence,original_reconstruction,0.01,5.1253837227704935e-06,0.0,3.848798223771155e-05,1.2765851352014579e-05,7.196632385253906,0.0,3.848798314720625e-06,1.276585180676193e-06,0.0,1.2765851352014579e-05,0.0,2.8925494916620664e-05,0.0,0.0,0.0,0.0,0.0,0.14658904075622559,0.0,1,0.9962006211280823,True,0.0037993360310792923,0.9962006211280823,3.0523399345838698e-06,0.678627684362383,True,True,True,0.006203868426382542,0.09254691004753113,0.5957479476928711,1,0.003572933143004775,2
65,confidence,original_reconstruction,0.01,5.1224074013589416e-06,0.0,3.849450877169147e-05,1.2729565241897944e-05,7.196648597717285,0.0,3.849450877169147e-06,1.2729565241897944e-06,0.0,1.2729565241897944e-05,0.0,2.889654388127383e-05,0.0,0.0,0.0,0.0,0.0,0.14658847451210022,0.0,1,0.9962025284767151,True,0.0037975176237523556,0.9962025284767151,3.0471678655885626e-06,0.678627684362383,True,True,True,0.006204394157975912,0.09255553781986237,0.5956193804740906,1,0.0035678516142070293,2
66,confidence,original_reconstruction,0.01,5.119281922816299e-06,0.0,3.8499783840961754e-05,1.2693033568211831e-05,7.196690082550049,0.0,3.8499783840961754e-06,1.2693034250332857e-06,0.0,1.2693033568211831e-05,0.0,2.8869413654319942e-05,0.0,0.0,0.0,0.0,0.0,0.14658811688423157,0.0,1,0.9962043166160583,True,0.0037957283202558756,0.9962043166160583,3.042095613636775e-06,0.678627684362383,True,True,True,0.006204819306731224,0.09256453812122345,0.5956891775131226,1,0.0035627284087240696,2
67,confidence,original_reconstruction,0.01,5.116473857924575e-06,0.0,3.8503923860844225e-05,1.2660812899412122e-05,7.196701526641846,0.0,3.850392658932833e-06,1.2660813126785797e-06,0.0,1.2660812899412122e-05,0.0,2.8853142794105224e-05,0.0,0.0,0.0,0.0,0.0,0.14658769965171814,0.0,1,0.9962053894996643,True,0.0037946898955851793,0.9962053894996643,3.037077021872392e-06,0.678627684362383,True,True,True,0.006205153185874224,0.09257227927446365,0.5957167744636536,1,0.0035582035779953003,2
68,confidence,original_reconstruction,0.01,5.113121005706489e-06,0.0,3.850701614283025e-05,1.2624193004739936e-05,7.1966471672058105,0.0,3.850701887131436e-06,1.2624193459487287e-06,0.0,1.2624193004739936e-05,0.0,2.8830099836341105e-05,0.0,0.0,0.0,0.0,0.0,0.14658701419830322,0.0,1,0.9962068796157837,True,0.003793103853240609,0.9962068796157837,3.0312460239656502e-06,0.678627684362383,True,True,True,0.006205402314662933,0.09258048236370087,0.5956138372421265,1,0.0035530540626496077,2
69,confidence,original_reconstruction,0.01,5.10978179590893e-06,0.0,3.850916255032644e-05,1.2588651770784054e-05,7.196714878082275,0.0,3.850916527881054e-06,1.2588651543410379e-06,0.0,1.2588651770784054e-05,0.0,2.8813838071073405e-05,0.0,0.0,0.0,0.0,0.0,0.1465868353843689,0.0,1,0.9962079524993896,True,0.0037920663598924875,0.9962079524993896,3.0255544061219553e-06,0.678627684362383,True,True,True,0.0062055750750005245,0.09258851408958435,0.595700204372406,1,0.0035480489023029804,2
70,confidence,original_reconstruction,0.01,5.106135176902171e-06,0.0,3.8510439480887726e-05,1.2550911378639285e-05,7.1967082023620605,0.0,3.851043857139302e-06,1.255091206076031e-06,0.0,1.2550911378639285e-05,0.0,2.879938983824104e-05,0.0,0.0,0.0,0.0,0.0,0.1465868502855301,0.0,1,0.996208906173706,True,0.003791144350543618,0.996208906173706,3.0195606086635962e-06,0.678627684362383,True,True,True,0.0062056779861450195,0.09259232878684998,0.5958012938499451,1,0.003542726393789053,2
71,confidence,original_reconstruction,0.01,5.1028096095251385e-06,0.0,3.851093424600549e-05,1.2517161849245895e-05,7.196724891662598,0.0,3.851093424600549e-06,1.2517161849245895e-06,0.0,1.2517161849245895e-05,0.0,2.8781330911442637e-05,0.0,0.0,0.0,0.0,0.0,0.14658616483211517,0.0,1,0.9962100982666016,True,0.003789934329688549,0.9962100982666016,3.015008132933872e-06,0.678627684362383,True,True,True,0.006205718033015728,0.09259764850139618,0.5957645177841187,1,0.0035379601176828146,2
72,confidence,original_reconstruction,0.01,5.09942447024514e-06,0.0,3.8510715967277065e-05,1.248352782567963e-05,7.196768760681152,0.0,3.8510715967277065e-06,1.2483527598305955e-06,0.0,1.248352782567963e-05,0.0,2.876508551707957e-05,0.0,0.0,0.0,0.0,0.0,0.146586075425148,0.0,1,0.9962111711502075,True,0.0037888975348323584,0.9962111711502075,3.0097417038632557e-06,0.678627684362383,True,True,True,0.00620570033788681,0.09260411560535431,0.5958361625671387,1,0.0035332036204636097,2
73,confidence,original_reconstruction,0.01,5.095976121083368e-06,0.0,3.850983557640575e-05,1.244992199644912e-05,7.196795463562012,0.0,3.850983830488985e-06,1.2449921769075445e-06,0.0,1.244992199644912e-05,0.0,2.876147482311353e-05,0.0,0.0,0.0,0.0,0.0,0.14658595621585846,0.0,1,0.9962114095687866,True,0.0037885515484958887,0.9962114095687866,3.004873633472016e-06,0.678627684362383,True,True,True,0.0062056295573711395,0.092607282102108,0.5958049297332764,1,0.0035284445621073246,2
74,confidence,original_reconstruction,0.01,5.092459105071612e-06,0.0,3.850836947094649e-05,1.2416220670274924e-05,7.196765422821045,0.0,3.850836947094649e-06,1.241622044290125e-06,0.0,1.2416220670274924e-05,0.0,2.8743428629240952e-05,0.0,0.0,0.0,0.0,0.0,0.14658567309379578,0.0,1,0.9962126016616821,True,0.0037874288391321898,0.9962126016616821,3.000904598593479e-06,0.678627684362383,True,True,True,0.006205511279404163,0.09261306375265121,0.5958895087242126,1,0.003523665713146329,2
75,confidence,original_reconstruction,0.01,5.089103979116771e-06,0.0,3.8506350392708555e-05,1.238469030795386e-05,7.196811676025391,0.0,3.8506350392708555e-06,1.2384690535327536e-06,0.0,1.238469030795386e-05,0.0,2.873982157325372e-05,0.0,0.0,0.0,0.0,0.0,0.14658543467521667,0.0,1,0.9962128400802612,True,0.003787198569625616,0.9962128400802612,2.9957445804029703e-06,0.678627684362383,True,True,True,0.006205348763614893,0.0926167219877243,0.595869243144989,1,0.0035191888455301523,2
76,confidence,original_reconstruction,0.01,5.085427801532205e-06,0.0,3.8503836549352854e-05,1.23504423754639e-05,7.196815013885498,0.0,3.850383563985815e-06,1.23504423754639e-06,0.0,1.23504423754639e-05,0.0,2.873125413316302e-05,0.0,0.0,0.0,0.0,0.0,0.14658519625663757,0.0,1,0.9962133765220642,True,0.0037865941412746906,0.9962133765220642,2.9908501346653793e-06,0.678627684362383,True,True,True,0.006205146200954914,0.09262026846408844,0.595871090888977,1,0.003514319658279419,2
77,confidence,original_reconstruction,0.01,5.081927156425081e-06,0.0,3.850086795864627e-05,1.2318398148636334e-05,7.196848392486572,0.0,3.850087068713037e-06,1.2318398603383685e-06,0.0,1.2318398148636334e-05,0.0,2.8715019652736373e-05,0.0,0.0,0.0,0.0,0.0,0.1465848982334137,0.0,1,0.9962144494056702,True,0.003785586915910244,0.9962144494056702,2.986381332448218e-06,0.678627684362383,True,True,True,0.006204906851053238,0.09262445569038391,0.5958895087242126,1,0.003509757574647665,2
78,confidence,original_reconstruction,0.01,5.078559752291767e-06,0.0,3.849748827633448e-05,1.2288110156077892e-05,7.196887493133545,0.0,3.849748736683978e-06,1.2288110156077892e-06,0.0,1.2288110156077892e-05,0.0,2.8720431146211922e-05,0.0,0.0,0.0,0.0,0.0,0.14658498764038086,0.0,1,0.9962140917778015,True,0.0037858455907553434,0.9962140917778015,2.9816953883710084e-06,0.678627684362383,True,True,True,0.006204634439200163,0.09262531995773315,0.5959647297859192,1,0.0035054399631917477,2
79,confidence,original_reconstruction,0.01,5.074994987808168e-06,0.0,3.8493730244226754e-05,1.2256217814865522e-05,7.196905612945557,0.0,3.8493731153721455e-06,1.2256217587491847e-06,0.0,1.2256217814865522e-05,0.0,2.8707807359751314e-05,0.0,0.0,0.0,0.0,0.0,0.14658470451831818,0.0,1,0.9962149262428284,True,0.0037850113585591316,0.9962149262428284,2.9775314942526165e-06,0.678627684362383,True,True,True,0.006204331759363413,0.09262906014919281,0.5960069894790649,1,0.0035008881241083145,2
80,confidence,original_reconstruction,0.01,5.071535269962624e-06,0.0,3.848962296615355e-05,1.2225728823977988e-05,7.196922779083252,0.0,3.848962478514295e-06,1.2225729051351664e-06,0.0,1.2225728823977988e-05,0.0,2.8702399504254572e-05,0.0,0.0,0.0,0.0,0.0,0.1465846598148346,0.0,1,0.996215283870697,True,0.003784752916544676,0.996215283870697,2.972885113194934e-06,0.678627684362383,True,True,True,0.006204000674188137,0.09263148158788681,0.5959978699684143,1,0.003496530931442976,2
81,confidence,original_reconstruction,0.01,5.067779511591652e-06,0.0,3.8485199183924124e-05,1.21925959319924e-05,7.196959972381592,0.0,3.8485200093418825e-06,1.2192596159366076e-06,0.0,1.21925959319924e-05,0.0,2.8693382773781195e-05,0.0,0.0,0.0,0.0,0.0,0.1465844064950943,0.0,1,0.9962158799171448,True,0.003784062108024955,0.9962158799171448,2.967998398162308e-06,0.678627684362383,True,True,True,0.006203643977642059,0.09263424575328827,0.5960254073143005,1,0.0034917898010462523,2
82,confidence,original_reconstruction,0.01,5.064300694357371e-06,0.0,3.848048436339013e-05,1.2162520761194173e-05,7.196979999542236,0.0,3.848048436339013e-06,1.21625214433152e-06,0.0,1.2162520761194173e-05,0.0,2.8687976737273857e-05,0.0,0.0,0.0,0.0,0.0,0.1465844213962555,0.0,1,0.9962162375450134,True,0.0037837172858417034,0.9962162375450134,2.9634297789016273e-06,0.678627684362383,True,True,True,0.006203263998031616,0.09263436496257782,0.5961171984672546,1,0.0034874805714935064,2
83,confidence,original_reconstruction,0.01,5.060792318545282e-06,0.0,3.847551124636084e-05,1.2132411029597279e-05,7.196978569030762,0.0,3.847551397484494e-06,1.213241148434463e-06,0.0,1.2132411029597279e-05,0.0,2.8675360226770863e-05,0.0,0.0,0.0,0.0,0.0,0.1465843915939331,0.0,1,0.9962170720100403,True,0.0037829698994755745,0.9962170720100403,2.959117409773171e-06,0.678627684362383,True,True,True,0.006202863063663244,0.09263661503791809,0.596108078956604,1,0.00348316109739244,2
84,confidence,original_reconstruction,0.01,5.057173439126927e-06,0.0,3.8470287108793855e-05,1.2101445463486016e-05,7.197060585021973,0.0,3.847028892778326e-06,1.2101445463486016e-06,0.0,1.2101445463486016e-05,0.0,2.8675360226770863e-05,0.0,0.0,0.0,0.0,0.0,0.1465843766927719,0.0,1,0.9962170720100403,True,0.0037828830536454916,0.9962170720100403,2.9546499717980623e-06,0.678627684362383,True,True,True,0.006202442105859518,0.09263771027326584,0.5960933566093445,1,0.0034787131007760763,2
85,confidence,original_reconstruction,0.01,5.05368643644033e-06,0.0,3.846484105451964e-05,1.2072023309883662e-05,7.197082042694092,0.0,3.846484105451964e-06,1.2072023309883662e-06,0.0,1.2072023309883662e-05,0.0,2.867175680876244e-05,0.0,0.0,0.0,0.0,0.0,0.1465843915939331,0.0,1,0.9962173104286194,True,0.0037826821208000183,0.9962173104286194,2.951180476884474e-06,0.678627684362383,True,True,True,0.006202002987265587,0.09263752400875092,0.5961870551109314,1,0.003474481636658311,2
86,confidence,original_reconstruction,0.01,5.049937954026973e-06,0.0,3.845918763545342e-05,1.2040190085826907e-05,7.197093486785889,0.0,3.845918854494812e-06,1.2040189858453232e-06,0.0,1.2040190085826907e-05,0.0,2.867175680876244e-05,0.0,0.0,0.0,0.0,0.0,0.1465843766927719,0.0,1,0.9962173104286194,True,0.0037826530169695616,0.9962173104286194,2.9465052193700103e-06,0.678627684362383,True,True,True,0.006201547104865313,0.09263826906681061,0.5962164402008057,1,0.0034698976669460535,2
87,confidence,original_reconstruction,0.01,5.046420938015217e-06,0.0,3.8453348679468036e-05,1.2010857972200029e-05,7.197120666503906,0.0,3.845334958896274e-06,1.2010858654321055e-06,0.0,1.2010857972200029e-05,0.0,2.866995237127412e-05,0.0,0.0,0.0,0.0,0.0,0.14658421277999878,0.0,1,0.9962174296379089,True,0.003782624611631036,0.9962174296379089,2.9422253646771424e-06,0.678627684362383,True,True,True,0.0062010763213038445,0.0926394835114479,0.5962329506874084,1,0.0034656685311347246,2
88,confidence,original_reconstruction,0.01,5.0429903240001295e-06,0.0,3.844733510049991e-05,1.1982565411017276e-05,7.197147369384766,0.0,3.844733782898402e-06,1.1982565411017276e-06,0.0,1.1982565411017276e-05,0.0,2.866995237127412e-05,0.0,0.0,0.0,0.0,0.0,0.14658412337303162,0.0,1,0.9962174296379089,True,0.0037825668696314096,0.9962174296379089,2.937846375061781e-06,0.678627684362383,True,True,True,0.006200591567903757,0.09264054149389267,0.5961925387382507,1,0.0034615842159837484,2
89,confidence,original_reconstruction,0.01,5.039611551183043e-06,0.0,3.8441154174506664e-05,1.195496315631317e-05,7.197153091430664,0.0,3.844115326501196e-06,1.1954963383686845e-06,0.0,1.195496315631317e-05,0.0,2.866995237127412e-05,0.0,0.0,0.0,0.0,0.0,0.14658427238464355,0.0,1,0.9962174296379089,True,0.0037825379986315966,0.9962174296379089,2.9337184059841093e-06,0.678627684362383,True,True,True,0.0062000928446650505,0.09263934940099716,0.5963082313537598,1,0.003457594895735383,2
90,confidence,original_reconstruction,0.01,5.036123184254393e-06,0.0,3.843483136733994e-05,1.1926401384698693e-05,7.197167873382568,0.0,3.843483227683464e-06,1.1926401839446044e-06,0.0,1.1926401384698693e-05,0.0,2.8664548153756186e-05,0.0,0.0,0.0,0.0,0.0,0.14658433198928833,0.0,1,0.9962177872657776,True,0.003782193176448345,0.9962177872657776,2.9290472411958035e-06,0.678627684362383,True,True,True,0.0061995829455554485,0.09264037013053894,0.5963487029075623,1,0.003453462151810527,2
91,confidence,original_reconstruction,0.01,5.032805347582325e-06,0.0,3.842837395495735e-05,1.18996786113712e-05,7.197216510772705,0.0,3.842837486445205e-06,1.18996786113712e-06,0.0,1.18996786113712e-05,0.0,2.8662745535257272e-05,0.0,0.0,0.0,0.0,0.0,0.14658451080322266,0.0,1,0.9962179064750671,True,0.0037821359001100063,0.9962179064750671,2.9249185899971053e-06,0.678627684362383,True,True,True,0.0061990623362362385,0.0926402360200882,0.5963597297668457,1,0.0034495911095291376,2
92,confidence,original_reconstruction,0.01,5.029346993978834e-06,0.0,3.842178557533771e-05,1.1871685273945332e-05,7.197290897369385,0.0,3.842178557533771e-06,1.1871685501319007e-06,0.0,1.1871685273945332e-05,0.0,2.8662745535257272e-05,0.0,0.0,0.0,0.0,0.0,0.14658454060554504,0.0,1,0.9962179064750671,True,0.003782078390941024,0.9962179064750671,2.920877705037128e-06,0.678627684362383,True,True,True,0.00619853101670742,0.09264002740383148,0.5963872075080872,1,0.003445531241595745,2
93,confidence,original_reconstruction,0.01,5.025952305004466e-06,0.0,3.8415084418375045e-05,1.1844436812680215e-05,7.1973419189453125,0.0,3.841508714685915e-06,1.184443704005389e-06,0.0,1.1844436812680215e-05,0.0,2.8664548153756186e-05,0.0,0.0,0.0,0.0,0.0,0.14658434689044952,0.0,1,0.9962177872657776,True,0.003782193176448345,0.9962177872657776,2.916479843406705e-06,0.678627684362383,True,True,True,0.006197990383952856,0.09264148026704788,0.5965304374694824,1,0.003441574750468135,2
94,confidence,original_reconstruction,0.01,5.02246075484436e-06,0.0,3.8408266846090555e-05,1.1816338883363642e-05,7.197371482849121,0.0,3.840826593659585e-06,1.1816339338110993e-06,0.0,1.1816338883363642e-05,0.0,2.8657341317739338e-05,0.0,0.0,0.0,0.0,0.0,0.1465843766927719,0.0,1,0.9962182641029358,True,0.0037817908450961113,0.9962182641029358,2.9124335014785174e-06,0.678627684362383,True,True,True,0.006197440437972546,0.09264170378446579,0.596521258354187,1,0.003437490202486515,2
95,confidence,original_reconstruction,0.01,5.019056516175624e-06,0.0,3.8401351048378274e-05,1.1789212294388562e-05,7.197453498840332,0.0,3.840135377686238e-06,1.1789212521762238e-06,0.0,1.1789212294388562e-05,0.0,2.8660944735747762e-05,0.0,0.0,0.0,0.0,0.0,0.14658433198928833,0.0,1,0.9962180256843567,True,0.003781963372603059,0.9962180256843567,2.908480155383586e-06,0.678627684362383,True,True,True,0.006196882110089064,0.0926421508193016,0.5965782403945923,1,0.00343354232609272,2
96,confidence,original_reconstruction,0.01,5.015727765567135e-06,0.0,3.8394344301195815e-05,1.1762929716496728e-05,7.1974921226501465,0.0,3.839434612018522e-06,1.1762930398617755e-06,0.0,1.1762929716496728e-05,0.0,2.8659142117248848e-05,0.0,0.0,0.0,0.0,0.0,0.1465843915939331,0.0,1,0.9962181448936462,True,0.00378190609626472,0.9962181448936462,2.904273742387886e-06,0.678627684362383,True,True,True,0.006196316797286272,0.09264278411865234,0.5966314077377319,1,0.003429712727665901,2
97,confidence,original_reconstruction,0.01,5.0124099288950674e-06,0.0,3.8387250242521986e-05,1.1736849046428688e-05,7.197551250457764,0.0,3.838725206151139e-06,1.1736849501176039e-06,0.0,1.1736849046428688e-05,0.0,2.8657341317739338e-05,0.0,0.0,0.0,0.0,0.0,0.14658428728580475,0.0,1,0.9962182641029358,True,0.0037817044649273157,0.9962182641029358,2.902135065596667e-06,0.678627684362383,True,True,True,0.006195744499564171,0.09264253079891205,0.5966204404830933,1,0.0034259085077792406,2
98,confidence,original_reconstruction,0.01,5.009181677451124e-06,0.0,3.838006887235679e-05,1.171174426417565e-05,7.197579383850098,0.0,3.838007160084089e-06,1.1711744036801974e-06,0.0,1.171174426417565e-05,0.0,2.8653737899730913e-05,0.0,0.0,0.0,0.0,0.0,0.14658425748348236,0.0,1,0.9962185025215149,True,0.0037815035320818424,0.9962185025215149,2.898134653150919e-06,0.678627684362383,True,True,True,0.006195164751261473,0.09264252334833145,0.5966351628303528,1,0.0034222425892949104,2
99,confidence,original_reconstruction,0.01,5.005745606467826e-06,0.0,3.837280746665783e-05,1.1684647688525729e-05,7.197646141052246,0.0,3.837280928564724e-06,1.1684647915899404e-06,0.0,1.1684647688525729e-05,0.0,2.8657341317739338e-05,0.0,0.0,0.0,0.0,0.0,0.1465841829776764,0.0,1,0.9962182641029358,True,0.0037817908450961113,0.9962182641029358,2.893732698794338e-06,0.678627684362383,True,True,True,0.0061945789493620396,0.0926433801651001,0.5966406464576721,1,0.003418281441554427,2
100,confidence,original_reconstruction,0.01,5.002498255635146e-06,0.0,3.836548421531916e-05,1.16594965220429e-05,7.197695732116699,0.0,3.8365483305824455e-06,1.1659496976790251e-06,0.0,1.16594965220429e-05,0.0,2.8653737899730913e-05,0.0,0.0,0.0,0.0,0.0,0.1465841382741928,0.0,1,0.9962185025215149,True,0.003781532170251012,0.9962185025215149,2.8895776722492883e-06,0.678627684362383,True,True,True,0.006193987559527159,0.09264523535966873,0.5966864824295044,1,0.0034146003890782595,2
101,confidence,original_reconstruction,0.01,4.999146312911762e-06,0.0,3.8358080928446725e-05,1.1633381291176192e-05,7.197729587554932,0.0,3.835808001895202e-06,1.1633381973297219e-06,0.0,1.1633381291176192e-05,0.0,2.8653737899730913e-05,0.0,0.0,0.0,0.0,0.0,0.14658409357070923,0.0,1,0.9962185025215149,True,0.0037815612740814686,0.9962185025215149,2.885482899728231e-06,0.678627684362383,True,True,True,0.006193390116095543,0.0926472470164299,0.5966443419456482,1,0.0034107742831110954,2
102,confidence,original_reconstruction,0.01,4.995881681679748e-06,0.0,3.835062307189219e-05,1.160819192591589e-05,7.197787284851074,0.0,3.8350622162397485e-06,1.160819238066324e-06,0.0,1.160819192591589e-05,0.0,2.8653737899730913e-05,0.0,0.0,0.0,0.0,0.0,0.146584153175354,0.0,1,0.9962185025215149,True,0.0037814746610820293,0.9962185025215149,2.881771933971322e-06,0.678627684362383,True,True,True,0.006192788016051054,0.09264668822288513,0.5966039299964905,1,0.003407079493626952,2
103,confidence,original_reconstruction,0.01,4.992617050447734e-06,0.0,3.834309973171912e-05,1.158307077275822e-05,7.197807788848877,0.0,3.834310064121382e-06,1.1583071000131895e-06,0.0,1.158307077275822e-05,0.0,2.864833368221298e-05,0.0,0.0,0.0,0.0,0.0,0.14658406376838684,0.0,1,0.9962188601493835,True,0.0037811584770679474,0.9962188601493835,2.877837232517777e-06,0.678627684362383,True,True,True,0.006192180328071117,0.09264761209487915,0.5966699719429016,1,0.0034033909905701876,2
104,confidence,original_reconstruction,0.01,4.989453373127617e-06,0.0,3.833552182186395e-05,1.1559009180928115e-05,7.197834491729736,0.0,3.8335524550348055e-06,1.1559009180928115e-06,0.0,1.1559009180928115e-05,0.0,2.864833368221298e-05,0.0,0.0,0.0,0.0,0.0,0.14658407866954803,0.0,1,0.9962188601493835,True,0.003781129838898778,0.9962188601493835,2.8744241262756987e-06,0.678627684362383,True,True,True,0.006191568449139595,0.09264665096998215,0.5967691540718079,1,0.0033998542930930853,2
105,confidence,original_reconstruction,0.01,4.98626422995585e-06,0.0,3.832788206636906e-05,1.1534756595210638e-05,7.197856426239014,0.0,3.832788479485316e-06,1.1534756367836962e-06,0.0,1.1534756595210638e-05,0.0,2.8646532882703468e-05,0.0,0.0,0.0,0.0,0.0,0.14658403396606445,0.0,1,0.9962189793586731,True,0.003781072562560439,0.9962189793586731,2.871041715479805e-06,0.678627684362383,True,True,True,0.006190951447933912,0.09264757484197617,0.5967379808425903,1,0.0033962856978178024,2
106,confidence,original_reconstruction,0.01,4.9829427553049754e-06,0.0,3.832019865512848e-05,1.1509227988426574e-05,7.1979289054870605,0.0,3.832019956462318e-06,1.1509227988426574e-06,0.0,1.1509227988426574e-05,0.0,2.8644732083193958e-05,0.0,0.0,0.0,0.0,0.0,0.14658400416374207,0.0,1,0.9962190985679626,True,0.003780957544222474,0.9962190985679626,2.8672607186308596e-06,0.678627684362383,True,True,True,0.006190331187099218,0.09264704585075378,0.5967691540718079,1,0.0033925252500921488,2
107,confidence,original_reconstruction,0.01,4.979805908078561e-06,0.0,3.83124643121846e-05,1.14855929496116e-05,7.197951316833496,0.0,3.83124643121846e-06,1.1485593631732627e-06,0.0,1.14855929496116e-05,0.0,2.8646532882703468e-05,0.0,0.0,0.0,0.0,0.0,0.1465839147567749,0.0,1,0.9962189793586731,True,0.003781014820560813,0.9962189793586731,2.8630531687667826e-06,0.678627684362383,True,True,True,0.006189706269651651,0.09264759719371796,0.5968095064163208,1,0.003389040008187294,2
108,confidence,original_reconstruction,0.01,4.97653763886774e-06,0.0,3.8304679037537426e-05,1.1460694622655865e-05,7.198000907897949,0.0,3.8304679037537426e-06,1.1460695077403216e-06,0.0,1.1460694622655865e-05,0.0,2.8646532882703468e-05,0.0,0.0,0.0,0.0,0.0,0.14658406376838684,0.0,1,0.9962189793586731,True,0.003780985949561,0.9962189793586731,2.8594611194421304e-06,0.678627684362383,True,True,True,0.006189077161252499,0.09264688938856125,0.5968388915061951,1,0.0033853647764772177,2
109,confidence,original_reconstruction,0.01,4.97350629302673e-06,0.0,3.829685374512337e-05,1.1438210094638634e-05,7.197971343994141,0.0,3.829685283562867e-06,1.1438210094638634e-06,0.0,1.1438210094638634e-05,0.0,2.8646532882703468e-05,0.0,0.0,0.0,0.0,0.0,0.14658397436141968,0.0,1,0.9962189793586731,True,0.003781043691560626,0.9962189793586731,2.8561335057020187e-06,0.678627684362383,True,True,True,0.006188445258885622,0.09264637529850006,0.596904993057251,1,0.003382042283192277,2
110,confidence,original_reconstruction,0.01,4.970340341969859e-06,0.0,3.828898843494244e-05,1.1414412256272044e-05,7.198014259338379,0.0,3.828899025393184e-06,1.1414412028898369e-06,0.0,1.1414412256272044e-05,0.0,2.8644732083193958e-05,0.0,0.0,0.0,0.0,0.0,0.1465839445590973,0.0,1,0.9962190985679626,True,0.0037809289060533047,0.9962190985679626,2.8534570901683765e-06,0.678627684362383,True,True,True,0.006187809631228447,0.09264613687992096,0.596860945224762,1,0.003378522116690874,2
111,confidence,original_reconstruction,0.01,4.967288077750709e-06,0.0,3.828107946901582e-05,1.1391800398996565e-05,7.198051929473877,0.0,3.828108219749993e-06,1.1391800853743916e-06,0.0,1.1391800398996565e-05,0.0,2.8646532882703468e-05,0.0,0.0,0.0,0.0,0.0,0.1465839147567749,0.0,1,0.9962189793586731,True,0.003781072562560439,0.9962189793586731,2.8496549475676147e-06,0.678627684362383,True,True,True,0.0061871702782809734,0.0926462858915329,0.596947193145752,1,0.003375174244865775,2
112,confidence,original_reconstruction,0.01,4.9643094826024026e-06,0.0,3.8273130485322326e-05,1.1369962521712296e-05,7.198090553283691,0.0,3.827313321380643e-06,1.1369962749085971e-06,0.0,1.1369962521712296e-05,0.0,2.8644732083193958e-05,0.0,0.0,0.0,0.0,0.0,0.14658406376838684,0.0,1,0.9962190985679626,True,0.003780957544222474,0.9962190985679626,2.846322786353994e-06,0.678627684362383,True,True,True,0.006186528131365776,0.09264576435089111,0.5969582796096802,1,0.003371937433257699,2
113,confidence,original_reconstruction,0.01,4.961126251146197e-06,0.0,3.826514512184076e-05,1.1346112842147704e-05,7.1981353759765625,0.0,3.8265147850324865e-06,1.134611352426873e-06,0.0,1.1346112842147704e-05,0.0,2.8644732083193958e-05,0.0,0.0,0.0,0.0,0.0,0.14658398926258087,0.0,1,0.9962190985679626,True,0.0037809289060533047,0.9962190985679626,2.8413739983079722e-06,0.678627684362383,True,True,True,0.0061858827248215675,0.0926467627286911,0.5970004796981812,1,0.003368399105966091,2
114,confidence,original_reconstruction,0.01,4.958035788149573e-06,0.0,3.825712701654993e-05,1.1323232683935203e-05,7.198184490203857,0.0,3.825712610705523e-06,1.1323232911308878e-06,0.0,1.1323232683935203e-05,0.0,2.8646532882703468e-05,0.0,0.0,0.0,0.0,0.0,0.14658403396606445,0.0,1,0.9962189793586731,True,0.003781043691560626,0.9962189793586731,2.8389820272423094e-06,0.678627684362383,True,True,True,0.006185234524309635,0.09264689683914185,0.5970206260681152,1,0.0033650011755526066,2
115,confidence,original_reconstruction,0.01,4.9550212679605465e-06,0.0,3.824906889349222e-05,1.1301143786113244e-05,7.198282241821289,0.0,3.824906798399752e-06,1.1301143558739568e-06,0.0,1.1301143786113244e-05,0.0,2.8650136300711893e-05,0.0,0.0,0.0,0.0,0.0,0.14658395946025848,0.0,1,0.996218740940094,True,0.0037812157534062862,0.996218740940094,2.8357039809634443e-06,0.678627684362383,True,True,True,0.006184583064168692,0.09264765679836273,0.5971161127090454,1,0.0033617173321545124,2
116,confidence,original_reconstruction,0.01,4.951912160322536e-06,0.0,3.824097802862525e-05,1.127814448409481e-05,7.198317527770996,0.0,3.824097802862525e-06,1.1278144711468485e-06,0.0,1.127814448409481e-05,0.0,2.8651937100221403e-05,0.0,0.0,0.0,0.0,0.0,0.14658381044864655,0.0,1,0.9962186217308044,True,0.0037814462557435036,0.9962186217308044,2.8291572107264074e-06,0.678627684362383,True,True,True,0.006183928810060024,0.09264811128377914,0.5970353484153748,1,0.0033582947216928005,2
117,confidence,original_reconstruction,0.01,4.94886216984014e-06,0.0,3.823285805992782e-05,1.1255759091000073e-05,7.1983232498168945,0.0,3.823286078841193e-06,1.12557597731211e-06,0.0,1.1255759091000073e-05,0.0,2.8650136300711893e-05,0.0,0.0,0.0,0.0,0.0,0.1465839147567749,0.0,1,0.996218740940094,True,0.003781273728236556,0.996218740940094,2.8253919026610674e-06,0.678627684362383,True,True,True,0.00618327222764492,0.09264716506004333,0.597062885761261,1,0.0033549603540450335,2
118,confidence,original_reconstruction,0.01,4.9458813009550795e-06,0.0,3.822470171144232e-05,1.1234112207603175e-05,7.198389053344727,0.0,3.822470262093702e-06,1.1234112662350526e-06,0.0,1.1234112207603175e-05,0.0,2.864833368221298e-05,0.0,0.0,0.0,0.0,0.0,0.14658379554748535,0.0,1,0.9962188601493835,True,0.0037811584770679474,0.9962188601493835,2.821964926624787e-06,0.678627684362383,True,True,True,0.006182612851262093,0.09264756739139557,0.5971252918243408,1,0.00335173262283206,2
119,confidence,original_reconstruction,0.01,4.9429422688263e-06,0.0,3.8216516259126365e-05,1.1212903700652532e-05,7.198462009429932,0.0,3.821651716862107e-06,1.1212904382773559e-06,0.0,1.1212903700652532e-05,0.0,2.8651937100221403e-05,0.0,0.0,0.0,0.0,0.0,0.14658382534980774,0.0,1,0.9962186217308044,True,0.003781359875574708,0.9962186217308044,2.8190422654006397e-06,0.678627684362383,True,True,True,0.006181950680911541,0.09264735877513885,0.5970573425292969,1,0.0033485672902315855,2
120,confidence,original_reconstruction,0.01,4.939912741974695e-06,0.0,3.8208298065001145e-05,1.1190827535756398e-05,7.198507308959961,0.0,3.820829988399055e-06,1.1190827535756398e-06,0.0,1.1190827535756398e-05,0.0,2.8651937100221403e-05,0.0,0.0,0.0,0.0,0.0,0.14658381044864655,0.0,1,0.9962186217308044,True,0.0037814173847436905,0.9962186217308044,2.8159101930214092e-06,0.678627684362383,True,True,True,0.006181286182254553,0.09264589101076126,0.5970976948738098,1,0.003345269476994872,2
121,confidence,original_reconstruction,0.01,4.937035555485636e-06,0.0,3.8200054405024275e-05,1.1170297511853278e-05,7.198529243469238,0.0,3.820005531451898e-06,1.1170297966600629e-06,0.0,1.1170297511853278e-05,0.0,2.8651937100221403e-05,0.0,0.0,0.0,0.0,0.0,0.14658379554748535,0.0,1,0.9962186217308044,True,0.0037814462557435036,0.9962186217308044,2.8127826681156876e-06,0.678627684362383,True,True,True,0.006180619355291128,0.09264630079269409,0.597105085849762,1,0.003342199372127652,2
122,confidence,original_reconstruction,0.01,4.934076059726067e-06,0.0,3.819178891717456e-05,1.1148971680086106e-05,7.198550224304199,0.0,3.819178800767986e-06,1.114897145271243e-06,0.0,1.1148971680086106e-05,0.0,2.8653737899730913e-05,0.0,0.0,0.0,0.0,0.0,0.14658376574516296,0.0,1,0.9962185025215149,True,0.0037815035320818424,0.9962185025215149,2.8095255402149633e-06,0.678627684362383,True,True,True,0.006179950665682554,0.09264636784791946,0.5971197485923767,1,0.0033390074968338013,2
123,confidence,original_reconstruction,0.01,4.931114290229743e-06,0.0,3.818348341155797e-05,1.1127656762255356e-05,7.198585510253906,0.0,3.818348432105267e-06,1.1127657444376382e-06,0.0,1.1127656762255356e-05,0.0,2.8655540518229827e-05,0.0,0.0,0.0,0.0,0.0,0.14658379554748535,0.0,1,0.9962183833122253,True,0.0037815894465893507,0.9962183833122253,2.806334578053793e-06,0.678627684362383,True,True,True,0.006179278250783682,0.09264619648456573,0.5971325635910034,1,0.0033358142245560884,2
124,confidence,original_reconstruction,0.01,4.928036560158944e-06,0.0,3.8175163354026154e-05,1.1105203157057986e-05,7.198657512664795,0.0,3.817516244453145e-06,1.1105203157057986e-06,0.0,1.1105203157057986e-05,0.0,2.8653737899730913e-05,0.0,0.0,0.0,0.0,0.0,0.14658382534980774,0.0,1,0.9962185025215149,True,0.0037815612740814686,0.9962185025215149,2.8027425287291408e-06,0.678627684362383,True,True,True,0.006178605370223522,0.09264509379863739,0.5972170233726501,1,0.003332447027787566,2
125,confidence,original_reconstruction,0.01,4.925174835079815e-06,0.0,3.816680327872746e-05,1.108494234358659e-05,7.198698997497559,0.0,3.816680418822216e-06,1.1084943025707616e-06,0.0,1.108494234358659e-05,0.0,2.8651937100221403e-05,0.0,0.0,0.0,0.0,0.0,0.1465838998556137,0.0,1,0.9962186217308044,True,0.0037814462557435036,0.9962186217308044,2.799821231747046e-06,0.678627684362383,True,True,True,0.006177928764373064,0.09264517575502396,0.5972886085510254,1,0.0033294057939201593,2
126,confidence,original_reconstruction,0.01,4.922244897898054e-06,0.0,3.8158425013534725e-05,1.1064019417972304e-05,7.1987457275390625,0.0,3.815842774201883e-06,1.106402010009333e-06,0.0,1.1064019417972304e-05,0.0,2.8653737899730913e-05,0.0,0.0,0.0,0.0,0.0,0.14658388495445251,0.0,1,0.9962185025215149,True,0.0037814746610820293,0.9962185025215149,2.7969558686891105e-06,0.678627684362383,True,True,True,0.006177250761538744,0.09264519065618515,0.5972959399223328,1,0.003326262114569545,2
127,confidence,original_reconstruction,0.01,4.919337698083837e-06,0.0,3.8150017644511536e-05,1.1043358426832128e-05,7.198758602142334,0.0,3.815001946350094e-06,1.1043358654205804e-06,0.0,1.1043358426832128e-05,0.0,2.8653737899730913e-05,0.0,0.0,0.0,0.0,0.0,0.14658395946025848,0.0,1,0.9962185025215149,True,0.003781532170251012,0.9962185025215149,2.7940805011894554e-06,0.678627684362383,True,True,True,0.0061765699647367,0.09264513105154037,0.5972445607185364,1,0.003323154989629984,2
128,confidence,original_reconstruction,0.01,4.916380021313671e-06,0.0,3.8141588447615504e-05,1.1022211765521206e-05,7.198851108551025,0.0,3.8141588447615504e-06,1.1022211765521206e-06,0.0,1.1022211765521206e-05,0.0,2.8653737899730913e-05,0.0,0.0,0.0,0.0,0.0,0.14658395946025848,0.0,1,0.9962185025215149,True,0.003781532170251012,0.9962185025215149,2.7901730845769634e-06,0.678627684362383,True,True,True,0.006175887770950794,0.09264445304870605,0.5973326563835144,1,0.0033199714962393045,2
129,confidence,original_reconstruction,0.01,4.913601514999755e-06,0.0,3.813313378486782e-05,1.1002878636645619e-05,7.198868751525879,0.0,3.8133134694362525e-06,1.1002879318766645e-06,0.0,1.1002878636645619e-05,0.0,2.8651937100221403e-05,0.0,0.0,0.0,0.0,0.0,0.14658379554748535,0.0,1,0.9962186217308044,True,0.0037814462557435036,0.9962186217308044,2.7871137717738748e-06,0.678627684362383,True,True,True,0.006175203248858452,0.09264569729566574,0.597367525100708,1,0.003317058552056551,2
130,confidence,original_reconstruction,0.01,4.910731149720959e-06,0.0,3.81246572942473e-05,1.0982650564983487e-05,7.198879241943359,0.0,3.8124658203742e-06,1.0982651019730838e-06,0.0,1.0982650564983487e-05,0.0,2.8653737899730913e-05,0.0,0.0,0.0,0.0,0.0,0.14658384025096893,0.0,1,0.9962185025215149,True,0.0037814746610820293,0.9962185025215149,2.7834842057927744e-06,0.678627684362383,True,True,True,0.00617451686412096,0.09264536201953888,0.5974042415618896,1,0.0033140082377940416,2
131,confidence,original_reconstruction,0.01,4.907935363007709e-06,0.0,3.811615897575393e-05,1.0963195563817862e-05,7.198903560638428,0.0,3.8116158975753933e-06,1.0963195791191538e-06,0.0,1.0963195563817862e-05,0.0,2.8653737899730913e-05,0.0,0.0,0.0,0.0,0.0,0.14658381044864655,0.0,1,0.9962185025215149,True,0.0037814746610820293,0.9962185025215149,2.7806393063656287e-06,0.678627684362383,True,True,True,0.006173828616738319,0.09264563769102097,0.5973546504974365,1,0.0033110715448856354,2
132,confidence,original_reconstruction,0.01,4.90502179673058e-06,0.0,3.810763519140892e-05,1.094258277589688e-05,7.198906421661377,0.0,3.8107634736661566e-06,1.0942583230644232e-06,0.0,1.094258277589688e-05,0.0,2.8651937100221403e-05,0.0,0.0,0.0,0.0,0.0,0.14658385515213013,0.0,1,0.9962186217308044,True,0.0037814173847436905,0.9962186217308044,2.7781829885498155e-06,0.678627684362383,True,True,True,0.006173138041049242,0.09264563769102097,0.5973491668701172,1,0.003307957435026765,2
133,confidence,original_reconstruction,0.01,4.902097316517029e-06,0.0,3.809908594121225e-05,1.0921887223958038e-05,7.1989617347717285,0.0,3.80990854864649e-06,1.0921887678705389e-06,0.0,1.0921887223958038e-05,0.0,2.8651937100221403e-05,0.0,0.0,0.0,0.0,0.0,0.14658400416374207,0.0,1,0.9962186217308044,True,0.003781359875574708,0.9962186217308044,2.7748594675358618e-06,0.678627684362383,True,True,True,0.006172445602715015,0.0926453173160553,0.5973821878433228,1,0.003304827958345413,2
134,confidence,original_reconstruction,0.01,4.899480700260028e-06,0.0,3.809051850112155e-05,1.0904286682489328e-05,7.198983192443848,0.0,3.80905180463742e-06,1.0904286682489328e-06,0.0,1.0904286682489328e-05,0.0,2.8650136300711893e-05,0.0,0.0,0.0,0.0,0.0,0.1465839445590973,0.0,1,0.996218740940094,True,0.0037813023664057255,0.996218740940094,2.7721937385649653e-06,0.678627684362383,True,True,True,0.006171751767396927,0.09264584630727768,0.597455620765686,1,0.0033021639101207256,2
135,confidence,original_reconstruction,0.01,4.896781319985166e-06,0.0,3.80819255951792e-05,1.0885884876188356e-05,7.1990509033203125,0.0,3.80819255951792e-06,1.0885885330935707e-06,0.0,1.0885884876188356e-05,0.0,2.8651937100221403e-05,0.0,0.0,0.0,0.0,0.0,0.14658404886722565,0.0,1,0.9962186217308044,True,0.0037814462557435036,0.9962186217308044,2.7695930384652456e-06,0.678627684362383,True,True,True,0.006171055603772402,0.09264416247606277,0.5974812507629395,1,0.0032993764616549015,2
136,confidence,original_reconstruction,0.01,4.893731329502771e-06,0.0,3.807331086136401e-05,1.0864001524168998e-05,7.199108600616455,0.0,3.8073310406616656e-06,1.0864001751542673e-06,0.0,1.0864001524168998e-05,0.0,2.8651937100221403e-05,0.0,0.0,0.0,0.0,0.0,0.14658412337303162,0.0,1,0.9962186217308044,True,0.0037813307717442513,0.9962186217308044,2.7661917556542903e-06,0.678627684362383,True,True,True,0.0061703575775027275,0.09264399856328964,0.5975858569145203,1,0.00329605839215219,2
137,confidence,original_reconstruction,0.01,4.890913714916678e-06,0.0,3.806467793765478e-05,1.08444573925226e-05,7.199123382568359,0.0,3.806467930189683e-06,1.084445784726995e-06,0.0,1.08444573925226e-05,0.0,2.8653737899730913e-05,0.0,0.0,0.0,0.0,0.0,0.14658412337303162,0.0,1,0.9962185025215149,True,0.0037815612740814686,0.9962185025215149,2.7630067052086815e-06,0.678627684362383,True,True,True,0.006169657688587904,0.09264401346445084,0.5975509881973267,1,0.0032930923625826836,2
138,confidence,original_reconstruction,0.01,4.888166586169973e-06,0.0,3.805602318607271e-05,1.0825643585121725e-05,7.199158191680908,0.0,3.8056023186072707e-06,1.08256438124954e-06,0.0,1.0825643585121725e-05,0.0,2.8655540518229827e-05,0.0,0.0,0.0,0.0,0.0,0.146584153175354,0.0,1,0.9962183833122253,True,0.0037816183175891638,0.9962183833122253,2.76023843071016e-06,0.678627684362383,True,True,True,0.0061689564026892185,0.09264379739761353,0.5975711941719055,1,0.003290234599262476,2
139,confidence,original_reconstruction,0.01,4.885419457423268e-06,0.0,3.8047342968638986e-05,1.0806851605593693e-05,7.199162483215332,0.0,3.804734433288104e-06,1.0806851378220017e-06,0.0,1.0806851605593693e-05,0.0,2.8655540518229827e-05,0.0,0.0,0.0,0.0,0.0,0.146584153175354,0.0,1,0.9962183833122253,True,0.0037816183175891638,0.9962183833122253,2.7570720249059377e-06,0.678627684362383,True,True,True,0.0061682527884840965,0.09264376014471054,0.5976518988609314,1,0.0032873775344341993,2
140,confidence,original_reconstruction,0.01,4.882736448053038e-06,0.0,3.803864819929004e-05,1.0788715371745639e-05,7.199212074279785,0.0,3.803864956353209e-06,1.0788716053866665e-06,0.0,1.0788715371745639e-05,0.0,2.8651937100221403e-05,0.0,0.0,0.0,0.0,0.0,0.14658406376838684,0.0,1,0.9962186217308044,True,0.0037814462557435036,0.9962186217308044,2.754219849521178e-06,0.678627684362383,True,True,True,0.0061675482429564,0.09264414012432098,0.5976500511169434,1,0.0032846180256456137,2
141,confidence,original_reconstruction,0.01,4.8799374781083316e-06,0.0,3.802992796408944e-05,1.0769445907499176e-05,7.19927453994751,0.0,3.8029927509342087e-06,1.076944613487285e-06,0.0,1.0769445907499176e-05,0.0,2.8655540518229827e-05,0.0,0.0,0.0,0.0,0.0,0.14658419787883759,0.0,1,0.9962183833122253,True,0.0037815894465893507,0.9962183833122253,2.751247620835784e-06,0.678627684362383,True,True,True,0.0061668409034609795,0.09264156222343445,0.5977234840393066,1,0.0032816834282130003,2
142,confidence,original_reconstruction,0.01,4.877190804108977e-06,0.0,3.802119681495242e-05,1.0750713045126759e-05,7.1993231773376465,0.0,3.8021196360205067e-06,1.0750712817753083e-06,0.0,1.0750713045126759e-05,0.0,2.8657341317739338e-05,0.0,0.0,0.0,0.0,0.0,0.1465841382741928,0.0,1,0.9962182641029358,True,0.0037817044649273157,0.9962182641029358,2.7476980903884396e-06,0.678627684362383,True,True,True,0.006166133098304272,0.09264276176691055,0.5977014303207397,1,0.0032788279931992292,2
143,confidence,original_reconstruction,0.01,4.874479600402992e-06,0.0,3.801243656198494e-05,1.0732356713560876e-05,7.199361801147461,0.0,3.8012437926226994e-06,1.073235694093455e-06,0.0,1.0732356713560876e-05,0.0,2.8653737899730913e-05,0.0,0.0,0.0,0.0,0.0,0.14658412337303162,0.0,1,0.9962185025215149,True,0.003781532170251012,0.9962185025215149,2.7446915282780537e-06,0.678627684362383,True,True,True,0.00616542249917984,0.09264350682497025,0.5976738929748535,1,0.0032760275062173605,2
144,confidence,original_reconstruction,0.01,4.8717747631599195e-06,0.0,3.8003661757102236e-05,1.0714087693486363e-05,7.1994147300720215,0.0,3.8003661302354885e-06,1.0714087466112687e-06,0.0,1.0714087693486363e-05,0.0,2.8653737899730913e-05,0.0,0.0,0.0,0.0,0.0,0.14658404886722565,0.0,1,0.9962185025215149,True,0.0037815612740814686,0.9962185025215149,2.7420940114097903e-06,0.678627684362383,True,True,True,0.006164710968732834,0.09264327585697174,0.5977216362953186,1,0.0032732379622757435,2
145,confidence,original_reconstruction,0.01,4.8692036216380075e-06,0.0,3.799486512434669e-05,1.0697172001528088e-05,7.199390888214111,0.0,3.799486648858874e-06,1.0697172001528088e-06,0.0,1.0697172001528088e-05,0.0,2.8655540518229827e-05,0.0,0.0,0.0,0.0,0.0,0.14658406376838684,0.0,1,0.9962183833122253,True,0.0037815894465893507,0.9962183833122253,2.7393377877160674e-06,0.678627684362383,True,True,True,0.006163997575640678,0.0926433801651001,0.5978133678436279,1,0.0032706530764698982,2
146,confidence,original_reconstruction,0.01,4.8663837333151605e-06,0.0,3.7986050301697105e-05,1.06777870314545e-05,7.199446678161621,0.0,3.7986051211191807e-06,1.0677787258828175e-06,0.0,1.06777870314545e-05,0.0,2.8650136300711893e-05,0.0,0.0,0.0,0.0,0.0,0.146584153175354,0.0,1,0.996218740940094,True,0.0037813023664057255,0.996218740940094,2.736462192842737e-06,0.678627684362383,True,True,True,0.006163282319903374,0.09264245629310608,0.5977528095245361,1,0.00326768821105361,2
147,confidence,original_reconstruction,0.01,4.863759386353195e-06,0.0,3.7977220927132294e-05,1.0660373845894355e-05,7.199489116668701,0.0,3.7977222291374346e-06,1.0660373845894355e-06,0.0,1.0660373845894355e-05,0.0,2.8650136300711893e-05,0.0,0.0,0.0,0.0,0.0,0.14658401906490326,0.0,1,0.996218740940094,True,0.0037813023664057255,0.996218740940094,2.73389878202579e-06,0.678627684362383,True,True,True,0.006162566132843494,0.0926433652639389,0.5977693200111389,1,0.0032650227658450603,2
148,confidence,original_reconstruction,0.01,4.861047273152508e-06,0.0,3.796836608671583e-05,1.0642105735314544e-05,7.199514389038086,0.0,3.7968366086715832e-06,1.0642105507940869e-06,0.0,1.0642105735314544e-05,0.0,2.864833368221298e-05,0.0,0.0,0.0,0.0,0.0,0.146584153175354,0.0,1,0.9962188601493835,True,0.003781187580898404,0.9962188601493835,2.731711447268026e-06,0.678627684362383,True,True,True,0.006161847617477179,0.09264224767684937,0.5977748036384583,1,0.003262223908677697,2
149,confidence,original_reconstruction,0.01,4.858405645791208e-06,0.0,3.7959493056405336e-05,1.0624560673022643e-05,7.199601173400879,0.0,3.7959493965900037e-06,1.062456135514367e-06,0.0,1.0624560673022643e-05,0.0,2.8650136300711893e-05,0.0,0.0,0.0,0.0,0.0,0.1465841382741928,0.0,1,0.996218740940094,True,0.0037812446244060993,0.996218740940094,2.729028437897796e-06,0.678627684362383,True,True,True,0.006161127705127001,0.0926421731710434,0.597732663154602,1,0.0032595337834209204,2
150,confidence,original_reconstruction,0.01,4.855612587562064e-06,0.0,3.795060547417961e-05,1.0605520401441026e-05,7.1996307373046875,0.0,3.795060592892696e-06,1.0605521083562053e-06,0.0,1.0605520401441026e-05,0.0,2.8651937100221403e-05,0.0,0.0,0.0,0.0,0.0,0.14658421277999878,0.0,1,0.9962186217308044,True,0.0037813307717442513,0.9962186217308044,2.7260898605163675e-06,0.678627684362383,True,True,True,0.006160406395792961,0.09264206141233444,0.5978187918663025,1,0.0032566117588430643,2
151,confidence,original_reconstruction,0.01,4.852840902458411e-06,0.0,3.794169606408104e-05,1.0586712960503064e-05,7.199675559997559,0.0,3.7941697428323096e-06,1.0586712733129389e-06,0.0,1.0586712960503064e-05,0.0,2.8653737899730913e-05,0.0,0.0,0.0,0.0,0.0,0.146584153175354,0.0,1,0.9962185025215149,True,0.003781532170251012,0.9962185025215149,2.723300895013381e-06,0.678627684362383,True,True,True,0.006159683223813772,0.09264185279607773,0.5978243350982666,1,0.0032537230290472507,2
152,confidence,original_reconstruction,0.01,4.850207460549427e-06,0.0,3.793276482610963e-05,1.0569309779384639e-05,7.199681758880615,0.0,3.7932766190351686e-06,1.0569309552010964e-06,0.0,1.0569309779384639e-05,0.0,2.8651937100221403e-05,0.0,0.0,0.0,0.0,0.0,0.14658412337303162,0.0,1,0.9962186217308044,True,0.0037814173847436905,0.9962186217308044,2.71970179710479e-06,0.678627684362383,True,True,True,0.006158958189189434,0.09264209866523743,0.5978646874427795,1,0.003251047572121024,2
153,confidence,original_reconstruction,0.01,4.847542186325882e-06,0.0,3.792382631218061e-05,1.0551594641583506e-05,7.199706554412842,0.0,3.7923825857433258e-06,1.0551594868957181e-06,0.0,1.0551594641583506e-05,0.0,2.8655540518229827e-05,0.0,0.0,0.0,0.0,0.0,0.14658412337303162,0.0,1,0.9962183833122253,True,0.003781647188588977,0.9962183833122253,2.7169719487574184e-06,0.678627684362383,True,True,True,0.006158232223242521,0.09264197945594788,0.597831666469574,1,0.0032483218237757683,2
154,confidence,original_reconstruction,0.01,4.845018338528462e-06,0.0,3.791486597037874e-05,1.0535316505411174e-05,7.1997528076171875,0.0,3.7914867334620794e-06,1.05353171875322e-06,0.0,1.0535316505411174e-05,0.0,2.8653737899730913e-05,0.0,0.0,0.0,0.0,0.0,0.14658397436141968,0.0,1,0.9962185025215149,True,0.0037814746610820293,0.9962185025215149,2.714154334171326e-06,0.678627684362383,True,True,True,0.006157504860311747,0.0926402285695076,0.5978573560714722,1,0.0032458151690661907,2
155,confidence,original_reconstruction,0.01,4.842333510168828e-06,0.0,3.7905880162725225e-05,1.0517454938963056e-05,7.199758529663086,0.0,3.7905881526967278e-06,1.051745471158938e-06,0.0,1.0517454938963056e-05,0.0,2.8655540518229827e-05,0.0,0.0,0.0,0.0,0.0,0.14658385515213013,0.0,1,0.9962183833122253,True,0.003781647188588977,0.9962183833122253,2.7124765438202303e-06,0.678627684362383,True,True,True,0.006156775169074535,0.09264064580202103,0.5978940725326538,1,0.003243062412366271,2
156,confidence,original_reconstruction,0.01,4.839654593524756e-06,0.0,3.78968907170929e-05,1.0499653399165254e-05,7.19976282119751,0.0,3.7896891171840252e-06,1.049965362653893e-06,0.0,1.0499653399165254e-05,0.0,2.8655540518229827e-05,0.0,0.0,0.0,0.0,0.0,0.1465838998556137,0.0,1,0.9962183833122253,True,0.003781647188588977,0.9962183833122253,2.710138232941972e-06,0.678627684362383,True,True,True,0.006156045012176037,0.09264031052589417,0.5978903770446777,1,0.0032403168734163046,2
157,confidence,original_reconstruction,0.01,4.837046617467422e-06,0.0,3.788787580560893e-05,1.0482588550075889e-05,7.199772834777832,0.0,3.788787580560893e-06,1.0482589232196915e-06,0.0,1.0482588550075889e-05,0.0,2.8657341317739338e-05,0.0,0.0,0.0,0.0,0.0,0.14658403396606445,0.0,1,0.9962182641029358,True,0.003781733335927129,0.9962182641029358,2.707411113078706e-06,0.678627684362383,True,True,True,0.006155312992632389,0.09263958036899567,0.5979197025299072,1,0.0032376826275140047,2
158,confidence,original_reconstruction,0.01,4.834528226638213e-06,0.0,3.7878846342209727e-05,1.0466434105182998e-05,7.199794769287109,0.0,3.7878846796957077e-06,1.0466434332556673e-06,0.0,1.0466434105182998e-05,0.0,2.8655540518229827e-05,0.0,0.0,0.0,0.0,0.0,0.14658400416374207,0.0,1,0.9962183833122253,True,0.003781647188588977,0.9962183833122253,2.705019596760394e-06,0.678627684362383,True,True,True,0.006154579110443592,0.09264031797647476,0.59792160987854,1,0.003235186915844679,2
159,confidence,original_reconstruction,0.01,4.831947080674581e-06,0.0,3.786979868891649e-05,1.0449672117829323e-05,7.199832916259766,0.0,3.786979959841119e-06,1.0449672345202998e-06,0.0,1.0449672117829323e-05,0.0,2.8651937100221403e-05,0.0,0.0,0.0,0.0,0.0,0.14658407866954803,0.0,1,0.9962186217308044,True,0.0037814173847436905,0.9962186217308044,2.7026956104236888e-06,0.678627684362383,True,True,True,0.0061538442969322205,0.09263937920331955,0.5979673862457275,1,0.0032325952779501677,2
160,confidence,original_reconstruction,0.01,4.829369117942406e-06,0.0,3.7860736483708024e-05,1.0432953786221333e-05,7.199860095977783,0.0,3.7860736483708024e-06,1.0432953558847657e-06,0.0,1.0432953786221333e-05,0.0,2.8653737899730913e-05,0.0,0.0,0.0,0.0,0.0,0.14658397436141968,0.0,1,0.9962185025215149,True,0.0037814746610820293,0.9962185025215149,2.7001335638487944e-06,0.678627684362383,True,True,True,0.0061531076207757,0.09263943880796432,0.598020613193512,1,0.0032300082966685295,2
161,confidence,original_reconstruction,0.01,4.826783879252616e-06,0.0,3.785165608860552e-05,1.041618270392064e-05,7.1999077796936035,0.0,3.7851657452847576e-06,1.0416182476546965e-06,0.0,1.041618270392064e-05,0.0,2.8653737899730913e-05,0.0,0.0,0.0,0.0,0.0,0.14658409357070923,0.0,1,0.9962185025215149,True,0.0037814746610820293,0.9962185025215149,2.6974446427630028e-06,0.678627684362383,True,True,True,0.006152370013296604,0.09263943135738373,0.5980480909347534,1,0.0032274110708385706,2
162,confidence,original_reconstruction,0.01,4.8240917749353684e-06,0.0,3.7842561141587794e-05,1.039835660776589e-05,7.199923515319824,0.0,3.7842562505829846e-06,1.0398356380392215e-06,0.0,1.039835660776589e-05,0.0,2.8653737899730913e-05,0.0,0.0,0.0,0.0,0.0,0.14658412337303162,0.0,1,0.9962185025215149,True,0.0037814746610820293,0.9962185025215149,2.694772092581843e-06,0.678627684362383,True,True,True,0.0061516305431723595,0.09263814240694046,0.5980994701385498,1,0.0032246483024209738,2
163,confidence,original_reconstruction,0.01,4.821588845516089e-06,0.0,3.7833451642654836e-05,1.0382435903011356e-05,7.199983596801758,0.0,3.7833451642654836e-06,1.038243567563768e-06,0.0,1.0382435903011356e-05,0.0,2.8655540518229827e-05,0.0,0.0,0.0,0.0,0.0,0.14658412337303162,0.0,1,0.9962183833122253,True,0.0037816183175891638,0.9962183833122253,2.691968120416277e-06,0.678627684362383,True,True,True,0.00615089014172554,0.09263737499713898,0.5980848073959351,1,0.003222178667783737,2
164,confidence,original_reconstruction,0.01,4.819065907213371e-06,0.0,3.782432395382784e-05,1.0366331480327062e-05,7.200019359588623,0.0,3.7824324863322545e-06,1.0366331935074413e-06,0.0,1.0366331480327062e-05,0.0,2.8655540518229827e-05,0.0,0.0,0.0,0.0,0.0,0.1465839296579361,0.0,1,0.9962183833122253,True,0.0037815894465893507,0.9962183833122253,2.6895700102613773e-06,0.678627684362383,True,True,True,0.006150148343294859,0.09264055639505386,0.5981324911117554,1,0.0032196787651628256,2
165,confidence,original_reconstruction,0.01,4.816584805666935e-06,0.0,3.781518171308562e-05,1.0350665434089024e-05,7.200042247772217,0.0,3.7815182167832972e-06,1.0350665888836375e-06,0.0,1.0350665434089024e-05,0.0,2.8655540518229827e-05,0.0,0.0,0.0,0.0,0.0,0.1465838998556137,0.0,1,0.9962183833122253,True,0.003781647188588977,0.9962183833122253,2.6871637146541616e-06,0.678627684362383,True,True,True,0.006149405147880316,0.09264102578163147,0.5981526970863342,1,0.0032172449864447117,2
166,confidence,original_reconstruction,0.01,4.813943178305635e-06,0.0,3.780602492042817e-05,1.0333405043638777e-05,7.200116157531738,0.0,3.7806025829922874e-06,1.0333404816265102e-06,0.0,1.0333405043638777e-05,0.0,2.8657341317739338e-05,0.0,0.0,0.0,0.0,0.0,0.14658409357070923,0.0,1,0.9962182641029358,True,0.003781762206926942,0.9962182641029358,2.684644186956575e-06,0.678627684362383,True,True,True,0.006148660555481911,0.09263990074396133,0.5981654524803162,1,0.003214561380445957,2
167,confidence,original_reconstruction,0.01,4.81137567476253e-06,0.0,3.77968572138343e-05,1.0316897714801598e-05,7.200114727020264,0.0,3.7796858123329002e-06,1.0316897487427923e-06,0.0,1.0316897714801598e-05,0.0,2.8655540518229827e-05,0.0,0.0,0.0,0.0,0.0,0.14658401906490326,0.0,1,0.9962183833122253,True,0.0037816183175891638,0.9962183833122253,2.6806264941114932e-06,0.678627684362383,True,True,True,0.006147915031760931,0.09264220297336578,0.5981691479682922,1,0.0032119927927851677,2
168,confidence,original_reconstruction,0.01,4.80878998132539e-06,0.0,3.778766404138878e-05,1.0300235771865118e-05,7.200142860412598,0.0,3.7787665405630833e-06,1.0300235544491443e-06,0.0,1.0300235771865118e-05,0.0,2.8655540518229827e-05,0.0,0.0,0.0,0.0,0.0,0.14658403396606445,0.0,1,0.9962183833122253,True,0.0037816183175891638,0.9962183833122253,2.678096279851161e-06,0.678627684362383,True,True,True,0.006147167179733515,0.09264148771762848,0.5982425212860107,1,0.0032093978952616453,2
169,confidence,original_reconstruction,0.01,4.806323431694182e-06,0.0,3.777845995500684e-05,1.0284772542945575e-05,7.200188636779785,0.0,3.777846131924889e-06,1.0284772997692926e-06,0.0,1.0284772542945575e-05,0.0,2.8653737899730913e-05,0.0,0.0,0.0,0.0,0.0,0.14658400416374207,0.0,1,0.9962185025215149,True,0.0037815035320818424,0.9962185025215149,2.6753823476610705e-06,0.678627684362383,True,True,True,0.006146418396383524,0.09264081716537476,0.5982351899147034,1,0.0032069880980998278,2
170,confidence,original_reconstruction,0.01,4.8036886255431455e-06,0.0,3.776924131670967e-05,1.0267644029227085e-05,7.200193881988525,0.0,3.7769241316709667e-06,1.026764380185341e-06,0.0,1.0267644029227085e-05,0.0,2.8655540518229827e-05,0.0,0.0,0.0,0.0,0.0,0.14658384025096893,0.0,1,0.9962183833122253,True,0.0037815894465893507,0.9962183833122253,2.6729744604381267e-06,0.678627684362383,True,True,True,0.006145668216049671,0.09264019131660461,0.5982571840286255,1,0.0032043163664638996,2
171,confidence,original_reconstruction,0.01,4.801202521775849e-06,0.0,3.7760011764476076e-05,1.025201527227182e-05,7.200195789337158,0.0,3.7760012219223427e-06,1.025201527227182e-06,0.0,1.025201527227182e-05,0.0,2.8651937100221403e-05,0.0,0.0,0.0,0.0,0.0,0.14658388495445251,0.0,1,0.9962186217308044,True,0.0037814462557435036,0.9962186217308044,2.670473350008251e-06,0.678627684362383,True,True,True,0.006144917570054531,0.092640221118927,0.5983433723449707,1,0.0032018767669796944,2
172,confidence,original_reconstruction,0.01,4.798660938831745e-06,0.0,3.775076402234845e-05,1.0235844456474297e-05,7.200216293334961,0.0,3.775076493184315e-06,1.0235844456474297e-06,0.0,1.0235844456474297e-05,0.0,2.8650136300711893e-05,0.0,0.0,0.0,0.0,0.0,0.14658403396606445,0.0,1,0.996218740940094,True,0.0037813023664057255,0.996218740940094,2.6682214411266614e-06,0.678627684362383,True,True,True,0.006144165061414242,0.09264013171195984,0.598286509513855,1,0.00319935055449605,2
173,confidence,original_reconstruction,0.01,4.796135272044921e-06,0.0,3.77415053662844e-05,1.0219846444670111e-05,7.200265884399414,0.0,3.77415062757791e-06,1.021984644467011e-06,0.0,1.0219846444670111e-05,0.0,2.8651937100221403e-05,0.0,0.0,0.0,0.0,0.0,0.14658403396606445,0.0,1,0.9962186217308044,True,0.003781388746574521,0.9962186217308044,2.6668419650377473e-06,0.678627684362383,True,True,True,0.006143411621451378,0.09263972193002701,0.5983085036277771,1,0.00319684948772192,2
174,confidence,original_reconstruction,0.01,4.793603693542536e-06,0.0,3.7732228520326316e-05,1.0203808415099047e-05,7.200288772583008,0.0,3.773222942982102e-06,1.0203808642472723e-06,0.0,1.0203808415099047e-05,0.0,2.8651937100221403e-05,0.0,0.0,0.0,0.0,0.0,0.14658404886722565,0.0,1,0.9962186217308044,True,0.0037814462557435036,0.9962186217308044,2.662896349647781e-06,0.678627684362383,True,True,True,0.006142656318843365,0.0926397517323494,0.5982993245124817,1,0.0031943400390446186,2
175,confidence,original_reconstruction,0.01,4.7911798901623115e-06,0.0,3.7722937122453004e-05,1.0188860869675409e-05,7.200326919555664,0.0,3.7722936667705653e-06,1.0188861097049084e-06,0.0,1.0188860869675409e-05,0.0,2.8655540518229827e-05,0.0,0.0,0.0,0.0,0.0,0.14658407866954803,0.0,1,0.9962183833122253,True,0.003781647188588977,0.9962183833122253,2.6604666345519945e-06,0.678627684362383,True,True,True,0.006141900084912777,0.09263987839221954,0.5983067154884338,1,0.0031919993925839663,2
176,confidence,original_reconstruction,0.01,4.788685146195348e-06,0.0,3.771363844862208e-05,1.0173209375352599e-05,7.200358867645264,0.0,3.771363935811678e-06,1.017320983009995e-06,0.0,1.0173209375352599e-05,0.0,2.8655540518229827e-05,0.0,0.0,0.0,0.0,0.0,0.14658412337303162,0.0,1,0.9962183833122253,True,0.003781647188588977,0.9962183833122253,2.658665835042484e-06,0.678627684362383,True,True,True,0.0061411429196596146,0.0926389992237091,0.5983708500862122,1,0.0031895467545837164,2
177,confidence,original_reconstruction,0.01,4.786224053532351e-06,0.0,3.770431794691831e-05,1.0157921678910498e-05,7.2003936767578125,0.0,3.770431931116036e-06,1.0157922361031524e-06,0.0,1.0157921678910498e-05,0.0,2.8655540518229827e-05,0.0,0.0,0.0,0.0,0.0,0.14658398926258087,0.0,1,0.9962183833122253,True,0.003781647188588977,0.9962183833122253,2.656481456142501e-06,0.678627684362383,True,True,True,0.006140383891761303,0.09263968467712402,0.5983250141143799,1,0.0031871492974460125,2
178,confidence,original_reconstruction,0.01,4.783783424500143e-06,0.0,3.7694990169256926e-05,1.0142844985239208e-05,7.200446128845215,0.0,3.7694990169256926e-06,1.0142845212612883e-06,0.0,1.0142844985239208e-05,0.0,2.8657341317739338e-05,0.0,0.0,0.0,0.0,0.0,0.14658406376838684,0.0,1,0.9962182641029358,True,0.0037817044649273157,0.9962182641029358,2.6537079520494444e-06,0.678627684362383,True,True,True,0.006139624398201704,0.09264020621776581,0.5983800292015076,1,0.003184783272445202,2
179,confidence,original_reconstruction,0.01,4.781320967595093e-06,0.0,3.768564420170151e-05,1.0127563655260019e-05,7.200477600097656,0.0,3.768564511119621e-06,1.0127563427886344e-06,0.0,1.0127563655260019e-05,0.0,2.8655540518229827e-05,0.0,0.0,0.0,0.0,0.0,0.14658424258232117,0.0,1,0.9962183833122253,True,0.00378167605958879,0.9962183833122253,2.651435124789714e-06,0.678627684362383,True,True,True,0.006138863507658243,0.09263931959867477,0.5984185338020325,1,0.003182383254170418,2
180,confidence,original_reconstruction,0.01,4.77893900097115e-06,0.0,3.767628732020967e-05,1.0113101780007128e-05,7.200528621673584,0.0,3.767628868445172e-06,1.0113102462128154e-06,0.0,1.0113101780007128e-05,0.0,2.8659142117248848e-05,0.0,0.0,0.0,0.0,0.0,0.14658421277999878,0.0,1,0.9962181448936462,True,0.00378184812143445,0.9962181448936462,2.6493250970816007e-06,0.678627684362383,True,True,True,0.00613810122013092,0.09263883531093597,0.5984203219413757,1,0.0031801103614270687,2
181,confidence,original_reconstruction,0.01,4.776303740072763e-06,0.0,3.7666908610844985e-05,1.0096128789882641e-05,7.200568675994873,0.0,3.7666909520339686e-06,1.0096129017256317e-06,0.0,1.0096128789882641e-05,0.0,2.8657341317739338e-05,0.0,0.0,0.0,0.0,0.0,0.14658404886722565,0.0,1,0.9962182641029358,True,0.003781733335927129,0.9962182641029358,2.6465640985406935e-06,0.678627684362383,True,True,True,0.006137337535619736,0.0926389992237091,0.5984734892845154,1,0.00317744049243629,2
182,confidence,original_reconstruction,0.01,4.774030912813032e-06,0.0,3.76575299014803e-05,1.0082778317155316e-05,7.200564384460449,0.0,3.7657530356227653e-06,1.0082778771902667e-06,0.0,1.0082778317155316e-05,0.0,2.8659142117248848e-05,0.0,0.0,0.0,0.0,0.0,0.14658403396606445,0.0,1,0.9962181448936462,True,0.00378190609626472,0.9962181448936462,2.6443756269145524e-06,0.678627684362383,True,True,True,0.006136573385447264,0.09264016896486282,0.5985395312309265,1,0.00317533896304667,2
183,confidence,original_reconstruction,0.01,4.771491603605682e-06,0.0,3.7648133002221584e-05,1.0066781214845832e-05,7.20058012008667,0.0,3.7648133002221584e-06,1.0066781896966859e-06,0.0,1.0066781214845832e-05,0.0,2.8664548153756186e-05,0.0,0.0,0.0,0.0,0.0,0.1465841680765152,0.0,1,0.9962177872657776,True,0.003782164305448532,0.9962177872657776,2.641757646415499e-06,0.678627684362383,True,True,True,0.0061358073726296425,0.09263943135738373,0.5985725522041321,1,0.003172819036990404,2
184,confidence,original_reconstruction,0.01,4.7690864448668435e-06,0.0,3.763872155104764e-05,1.0052141078631394e-05,7.2006144523620605,0.0,3.763872200579499e-06,1.005214130600507e-06,0.0,1.0052141078631394e-05,0.0,2.8662745535257272e-05,0.0,0.0,0.0,0.0,0.0,0.14658422768115997,0.0,1,0.9962179064750671,True,0.0037821070291101933,0.9962179064750671,2.6391467145003844e-06,0.678627684362383,True,True,True,0.006135040428489447,0.0926382765173912,0.598653256893158,1,0.003170511219650507,2
185,confidence,original_reconstruction,0.01,4.766819074575324e-06,0.0,3.7629291909979656e-05,1.0038897926278878e-05,7.200656890869141,0.0,3.762929281947436e-06,1.0038897926278878e-06,0.0,1.0038897926278878e-05,0.0,2.8660944735747762e-05,0.0,0.0,0.0,0.0,0.0,0.14658412337303162,0.0,1,0.9962180256843567,True,0.003782021114602685,0.9962180256843567,2.637127863636124e-06,0.678627684362383,True,True,True,0.006134272087365389,0.09263904392719269,0.5986458659172058,1,0.003168422030285001,2
186,confidence,original_reconstruction,0.01,4.764312961924588e-06,0.0,3.761985863093287e-05,1.0023270988313016e-05,7.200667381286621,0.0,3.761985908568022e-06,1.0023271670434042e-06,0.0,1.0023270988313016e-05,0.0,2.8660944735747762e-05,0.0,0.0,0.0,0.0,0.0,0.14658430218696594,0.0,1,0.9962180256843567,True,0.0037819345016032457,0.9962180256843567,2.634683596625109e-06,0.678627684362383,True,True,True,0.006133503280580044,0.09263844043016434,0.5987045168876648,1,0.0031659549567848444,2
187,confidence,original_reconstruction,0.01,4.761846867040731e-06,0.0,3.761040716199204e-05,1.0008058779931162e-05,7.200690269470215,0.0,3.7610407161992043e-06,1.0008059234678512e-06,0.0,1.0008058779931162e-05,0.0,2.8660944735747762e-05,0.0,0.0,0.0,0.0,0.0,0.1465844362974167,0.0,1,0.9962180256843567,True,0.003781963372603059,0.9962180256843567,2.6323825750296237e-06,0.678627684362383,True,True,True,0.0061327326111495495,0.09263689815998077,0.5987539887428284,1,0.003163551678881049,2
188,confidence,original_reconstruction,0.01,4.759448984259507e-06,0.0,3.76009447791148e-05,9.993542334996164e-06,7.200713157653809,0.0,3.760094614335685e-06,9.99354256236984e-07,0.0,9.993542334996164e-06,0.0,2.8662745535257272e-05,0.0,0.0,0.0,0.0,0.0,0.1465843915939331,0.0,1,0.9962179064750671,True,0.003782049287110567,0.9962179064750671,2.6304294351575663e-06,0.678627684362383,True,True,True,0.0061319610103964806,0.0926380380988121,0.5987833142280579,1,0.0031612564343959093,2
189,confidence,original_reconstruction,0.01,4.757016540679615e-06,0.0,3.759147148230113e-05,9.978691196010914e-06,7.2007575035095215,0.0,3.759147148230113e-06,9.978691650758265e-07,0.0,9.978691196010914e-06,0.0,2.8660944735747762e-05,0.0,0.0,0.0,0.0,0.0,0.1465844213962555,0.0,1,0.9962180256843567,True,0.003781992243602872,0.9962180256843567,2.6275033633282874e-06,0.678627684362383,True,True,True,0.006131188478320837,0.09263844788074493,0.5987522006034851,1,0.0031589067075401545,2
190,confidence,original_reconstruction,0.01,4.754469046019949e-06,0.0,3.7581983633572236e-05,9.962706826627254e-06,7.200796127319336,0.0,3.7581983178824885e-06,9.962707281374605e-07,0.0,9.962706826627254e-06,0.0,2.8666348953265697e-05,0.0,0.0,0.0,0.0,0.0,0.14658427238464355,0.0,1,0.996217668056488,True,0.003782279323786497,0.996217668056488,2.6251375402353005e-06,0.678627684362383,True,True,True,0.0061304145492613316,0.09263794124126434,0.5987759828567505,1,0.0031563756056129932,2
191,confidence,original_reconstruction,0.01,4.752251697937027e-06,0.0,3.757248487090692e-05,9.95002847048454e-06,7.200844764709473,0.0,3.757248578040162e-06,9.95002892523189e-07,0.0,9.95002847048454e-06,0.0,2.8666348953265697e-05,0.0,0.0,0.0,0.0,0.0,0.14658430218696594,0.0,1,0.996217668056488,True,0.003782279323786497,0.996217668056488,2.6237810288876062e-06,0.678627684362383,True,True,True,0.006129640154540539,0.0926375687122345,0.5988383293151855,1,0.003154366509988904,2
192,confidence,original_reconstruction,0.01,4.749682375404518e-06,0.0,3.756297519430518e-05,9.933851288224105e-06,7.200823783874512,0.0,3.756297473955783e-06,9.933851288224105e-07,0.0,9.933851288224105e-06,0.0,2.866815157176461e-05,0.0,0.0,0.0,0.0,0.0,0.14658434689044952,0.0,1,0.9962175488471985,True,0.0037825098261237144,0.9962175488471985,2.621483190523577e-06,0.678627684362383,True,True,True,0.006128864362835884,0.09263670444488525,0.5988768339157104,1,0.0031518011819571257,2
193,confidence,original_reconstruction,0.01,4.747383627545787e-06,0.0,3.755345460376702e-05,9.92038258118555e-06,7.200857162475586,0.0,3.7553454603767022e-06,9.920382808559225e-07,0.0,9.92038258118555e-06,0.0,2.8666348953265697e-05,0.0,0.0,0.0,0.0,0.0,0.14658430218696594,0.0,1,0.996217668056488,True,0.0037823948077857494,0.996217668056488,2.619912493173615e-06,0.678627684362383,True,True,True,0.0061280871741473675,0.09263763576745987,0.5988695025444031,1,0.003149663796648383,2
194,confidence,original_reconstruction,0.01,4.745227215607883e-06,0.0,3.754392309929244e-05,9.908347237796988e-06,7.200860500335693,0.0,3.7543923099292442e-06,9.908347919918015e-07,0.0,9.908347237796988e-06,0.0,2.8666348953265697e-05,0.0,0.0,0.0,0.0,0.0,0.1465843766927719,0.0,1,0.996217668056488,True,0.0037823948077857494,0.996217668056488,2.6175482616963563e-06,0.678627684362383,True,True,True,0.0061273095197975636,0.09263698011636734,0.5988932847976685,1,0.003147752722725272,2
195,confidence,original_reconstruction,0.01,4.742637429444585e-06,0.0,3.753436976694502e-05,9.89200452750083e-06,7.200922966003418,0.0,3.753437113118707e-06,9.892004300127155e-07,0.0,9.89200452750083e-06,0.0,2.866815157176461e-05,0.0,0.0,0.0,0.0,0.0,0.14658430218696594,0.0,1,0.9962175488471985,True,0.0037825098261237144,0.9962175488471985,2.6151130896323593e-06,0.678627684362383,True,True,True,0.00612653000280261,0.09263643622398376,0.5988034605979919,1,0.003145155729725957,2
196,confidence,original_reconstruction,0.01,4.74030093755573e-06,0.0,3.7524820072576404e-05,9.8781893029809e-06,7.200978755950928,0.0,3.7524821436818456e-06,9.878189075607224e-07,0.0,9.8781893029809e-06,0.0,2.866995237127412e-05,0.0,0.0,0.0,0.0,0.0,0.14658427238464355,0.0,1,0.9962174296379089,True,0.0037825379986315966,0.9962174296379089,2.613232709336444e-06,0.678627684362383,True,True,True,0.006125750485807657,0.09263686090707779,0.5988255143165588,1,0.003142958739772439,2
197,confidence,original_reconstruction,0.01,4.7378848648804706e-06,0.0,3.7515248550334945e-05,9.863599188975058e-06,7.201016426086426,0.0,3.7515249005082296e-06,9.86359964372241e-07,0.0,9.863599188975058e-06,0.0,2.866995237127412e-05,0.0,0.0,0.0,0.0,0.0,0.1465843766927719,0.0,1,0.9962174296379089,True,0.0037825379986315966,0.9962174296379089,2.6110358248843113e-06,0.678627684362383,True,True,True,0.006124969106167555,0.0926351547241211,0.5988273024559021,1,0.003140636719763279,2
198,confidence,original_reconstruction,0.01,4.73547333967872e-06,0.0,3.750567339011468e-05,9.849057278188411e-06,7.2010369300842285,0.0,3.750567429960938e-06,9.849057960309437e-07,0.0,9.849057278188411e-06,0.0,2.866995237127412e-05,0.0,0.0,0.0,0.0,0.0,0.14658434689044952,0.0,1,0.9962174296379089,True,0.0037825668696314096,0.9962174296379089,2.6088630420417758e-06,0.678627684362383,True,True,True,0.0061241877265274525,0.09263475984334946,0.5988677144050598,1,0.003138320753350854,2
199,confidence,original_reconstruction,0.01,4.7331150199170224e-06,0.0,3.7496083677979186e-05,9.835063792706933e-06,7.201050281524658,0.0,3.7496083677979186e-06,9.835064247454284e-07,0.0,9.835063792706933e-06,0.0,2.867175680876244e-05,0.0,0.0,0.0,0.0,0.0,0.14658448100090027,0.0,1,0.9962173104286194,True,0.0037827109917998314,0.9962173104286194,2.6067914404848125e-06,0.678627684362383,True,True,True,0.006123404484242201,0.09263406693935394,0.5988401770591736,1,0.0031360904686152935,2
200,confidence,original_reconstruction,0.01,4.7307835302490275e-06,0.0,3.7486479413928464e-05,9.821356798056513e-06,7.201066017150879,0.0,3.7486479413928464e-06,9.821357025430189e-07,0.0,9.821356798056513e-06,0.0,2.867175680876244e-05,0.0,0.0,0.0,0.0,0.0,0.14658446609973907,0.0,1,0.9962173104286194,True,0.0037826530169695616,0.9962173104286194,2.6056968636112288e-06,0.678627684362383,True,True,True,0.006122620310634375,0.09263435751199722,0.5988860130310059,1,0.0031339044217020273,2
